user_id,movie_id,m_story,m_acting,m_visuals,m_sound,m_direction,target
45,778,0.8292211412031192,0.4554763784417377,0.8736587319818913,0.5180656953996932,0.3475549782700149,0.6472429874248724
387,672,0.5940959869511878,0.11885798957022997,0.24605698048682545,0.35363392150358075,0.1028072430893957,0.25702283327039915
327,930,0.24485474719371592,0.5691734267387764,0.4889640742999828,0.07505583038802022,0.30206846611307825,0.4639617421609247
220,960,0.7456750006602998,0.15642882803336522,0.029717213356433292,0.9909719860358988,0.8067063522998084,0.5812911876546579
217,705,0.08448089567707195,0.06095833389785599,0.008880193266448844,0.17477372672504843,0.49347953301914227,0.03016565621507876
429,371,0.7744178344487831,0.4986678334288609,0.7054532209394645,0.2553084749760438,0.17157277554994133,0.5581889360771299
43,599,0.5899852222430135,0.655373450046628,0.11829362246560071,0.23591576249461776,0.31263237257993803,0.47026721355067047
348,425,0.11075031839640159,0.854147306406393,0.5478082371108176,0.9079414066857031,0.9535812796736063,0.6122401425781843
101,629,0.07950556309237022,0.7828355539543036,0.69600748221002,0.7636883927235304,0.43195748809862644,0.5757009967593596
47,812,0.7508363334364625,0.8572405127565482,0.03223458622963926,0.4573297994393366,0.4415992548060931,0.623362449006582
263,369,0.29293590650383716,0.7600687708208905,0.448741399145682,0.9554230339518591,0.15306960204421327,0.49940835600318717
487,506,0.8893018507672135,0.7032393969061393,0.6841519369858398,0.052783380786441736,0.3045543046142848,0.7442474562452356
368,46,0.762073021030176,0.010137569140699632,0.88973098785485,0.8936703812216521,0.8146861329400464,0.6675147803637488
380,736,0.6981902447177161,0.6261023118092105,0.29923010060165645,0.06042733568815917,0.7861989744032633,0.532230526458358
359,490,0.27860605263345095,0.12048180413911769,0.9742165296843303,0.39113069593456373,0.4354987989430482,0.3853660824551768
393,460,0.7089445190216179,0.05866713233254106,0.8445414996596974,0.05400487837648971,0.8936522621571245,0.5978738410314581
257,532,0.948147684514834,0.1564121521056554,0.6506350720818543,0.9989689917576853,0.38025891706282233,0.5709623832059048
64,216,0.09155983437056892,0.8232921614417502,0.3919255072461312,0.9143895025006017,0.864329579821934,0.5122775653712608
420,598,0.32616264200356604,0.7438493931000214,0.7111103761994986,0.5847989552462312,0.03156555058470267,0.477269349655561
225,745,0.23467226546159414,0.9487724052052123,0.8161932690703534,0.21784457399824553,0.34723029022971075,0.5624851053519406
250,350,0.3932501344006667,0.9789762586504105,0.3032998748865573,0.27677772519746924,0.8550684780198353,0.5696442060347572
186,132,0.7423326548539464,0.8932839863739821,0.9928300649070293,0.4495433660571203,0.9013095614743282,0.7588890320339396
92,387,0.47424258142538656,0.13292605097699917,0.908619369754639,0.32278018249234575,0.7564240412203824,0.5610737724546238
463,199,0.5707306061202463,0.8783827409249804,0.48550144034292264,0.021313905434940716,0.6698658168957007,0.5703064857744969
391,374,0.31415488807834235,0.8386371347886453,0.7228299157753952,0.6562560081171346,0.8155049094622993,0.7374198339467759
322,627,0.14128926708710055,0.8710858598596973,0.5240088946187819,0.6134279040933013,0.7075581882221293,0.5476360430204524
201,114,0.26693364893772853,0.15168561711649142,0.7609305521970262,0.9043107032188408,0.25422095446517834,0.46211219711161544
411,747,0.859680301241987,0.11679182777331754,0.8269822038779814,0.4768540401054504,0.466236900694864,0.601662502915336
273,225,0.6024169621534105,0.9238088795840816,0.023222555157042524,0.34470896179838784,0.6607049978861596,0.6156512790090461
222,894,0.3779886731972337,0.17382664913450452,0.07913202970064925,0.5115171829177669,0.5878027571183043,0.34051875185567004
225,732,0.7899059817355876,0.3686217310426012,0.336467415876727,0.19469499089583964,0.8850976071230604,0.5604132923143053
114,273,0.06445743245490876,0.45598484949406026,0.9176136326323495,0.6255403518247864,0.47384464038782836,0.5051486044699364
46,563,0.2538910879223857,0.12444252782956444,0.3982735831433897,0.7700328827901616,0.1779873780232063,0.41493267567488445
277,111,0.23010315405733928,0.02063428803254741,0.8875122152019242,0.15346171337569214,0.21458203741288162,0.2857355912849812
444,100,0.9853645621682221,0.9940904697671161,0.46243391263175293,0.3183832176353292,0.8460565588592908,0.8351119235972735
32,956,0.7060985823927602,0.8766572448349611,0.2888529203115734,0.8678009793663987,0.008720954223112032,0.5765904649334823
429,802,0.6177859363885542,0.9123379293506373,0.9006451830624952,0.5055317486338219,0.8691303619968337,0.7997749800542835
413,155,0.004984965294472898,0.2845630692721185,0.5606707689186775,0.5318366466775467,0.05558808560398476,0.24840021607728607
139,283,0.18431000208985737,0.22010157274543907,0.3604842950300413,0.7224081970533516,0.3916584680894054,0.20551769845255102
316,198,0.6355412929730783,0.4258665581754266,0.0444070036278168,0.5778928152213265,0.800176227445629,0.47381680791341163
83,395,0.37971932648166573,0.45331936897800684,0.11093313244822389,0.06957976807381916,0.407615376822399,0.3675103036498147
379,292,0.9242803836790608,0.005599438864240636,0.1393103276415305,0.8039617118630358,0.8223481870540525,0.47203410842906746
350,328,0.7647242191417579,0.7792531125598329,0.3648362904106063,0.9228360372484677,0.10029883452578314,0.6505735530218983
177,529,0.44738407280411996,0.9966670381420173,0.607332955744344,0.05327723299081222,0.5115422264351864,0.5960880880094857
34,189,0.7495149775382705,0.5286908701020894,0.30759011442192985,0.12124975645755098,0.5824740179990092,0.5084667854742855
485,882,0.9754043238262216,0.38825869501245125,0.0655276337648002,0.7019752022074804,0.8908685972372411,0.6519100767244419
223,727,0.4609808247014706,0.3927518932212033,0.2648087373173338,0.6044739325145255,0.09362140633919336,0.3979861495597534
446,760,0.6425258878885334,0.09607713217210068,0.40868165089961017,0.38251699897174585,0.3386006852829976,0.4085825358390332
339,170,0.9186646150612952,0.26616181836401176,0.9922699286723291,0.5392486489403714,0.6593480948968385,0.7442159141114408
389,708,0.24867466203617328,0.5021327886346312,0.39298690475093867,0.7033385680010588,0.9799300818600778,0.5062112617782442
380,836,0.8865579136662783,0.43184800113469735,0.08919541874744397,0.5044764618809293,0.8482743239578568,0.4872239512653669
98,176,0.09754470677298266,0.5450347457431102,0.5811148144739334,0.14018832463564923,0.8464950616958895,0.40383210942379144
182,751,0.6484481705876465,0.8490656486374066,0.9196400726262897,0.08943602913329018,0.5171825294247882,0.5870297390489576
233,358,0.7828381550557844,0.22524230269961198,0.7866956988617501,0.4388587351883817,0.5642991220864982,0.6099001451062328
249,787,0.6146062192524261,0.027664180906311953,0.8362183091872366,0.9228847578488337,0.8585800940806521,0.6244270547013827
22,478,0.49553480415254303,0.038225445282740744,0.9282317961023304,0.5577791747084938,0.8696255862567596,0.5771700293029296
273,802,0.617347099925686,0.13416880530685837,0.636543503385538,0.3582200690178491,0.8022745654721117,0.5266729586656198
77,148,0.15166370877944457,0.5704829848044025,0.9949227306534987,0.9087061695210354,0.8185712751845756,0.6491569696648885
371,389,0.21557071033021835,0.8081848100379248,0.03328156987965081,0.3886321561789381,0.8796298590008821,0.36535125713912986
341,274,0.26989934395634196,0.8868059392806316,0.8348396761435622,0.5091464809343752,0.1137819310919298,0.5322428149032856
461,249,0.5977793406300381,0.6351132019749712,0.8570106695222617,0.1164993306287212,0.2926393769049709,0.49431427674541345
372,309,0.4419010737450705,0.40314325245089344,0.916700390761965,0.7374009455193812,0.9761135339536076,0.6189368573933223
183,383,0.24447584248583953,0.15451470815614743,0.47816945763584906,0.7003029571437156,0.5447761599639952,0.44016462781756727
483,128,0.8828093321445801,0.40141833944347904,0.7877559236206,0.794243992859329,0.176463860041692,0.6833044066382852
206,707,0.3739218402932234,0.33241513390778354,0.1950803991211798,0.3251913134277634,0.5030556331995272,0.3753881620355754
163,550,0.44603171922989115,0.8700258808571377,0.6031302251782144,0.4360532190661919,0.6457841753035913,0.6033339677910203
452,829,0.40970107654899457,0.4867193774106072,0.3586451523634614,0.16834171152719835,0.8282219839376573,0.40770692731113184
185,705,0.18194295527675264,0.22619589995452882,0.5961736506619755,0.9645048760964994,0.8121767260234679,0.4579949724064446
39,149,0.7316270154302333,0.2888010668157799,0.6755605071583003,0.08607734740788264,0.049241493332416675,0.4983282230964411
235,70,0.448458262268858,0.136470164542689,0.34706866674617887,0.6490133036748073,0.4535249869724083,0.3914924060418691
398,423,0.016257109892718447,0.9185854490691312,0.21623829930287197,0.7052573945651862,0.020569056187008106,0.27209771352101453
95,481,0.964013702359797,0.05034584623646854,0.32168790885933474,0.15773647365097965,0.8881561236662507,0.5203557648097505
232,241,0.8157636115954137,0.012846248555894224,0.6639572451074426,0.36532320583048983,0.17390607551862491,0.34768391694661155
65,782,0.7235593540918033,0.18298893352686874,0.6768742336728105,0.043126566762483276,0.6248746951676385,0.5364429389505148
343,582,0.869091870518529,0.8108740179106257,0.7413169360240989,0.556608257586641,0.5706183712804003,0.7183126468854234
238,748,0.9068072536055503,0.5234667866310813,0.126536608572706,0.9949381428236241,0.6255294346428657,0.5603833539401222
165,109,0.33748970638443865,0.6258432873769864,0.8185173902544616,0.4298849568221589,0.563416622831408,0.5898087340540077
114,815,0.6109586784166986,0.3577316754157348,0.6881478015409555,0.9900082203729365,0.7155886773666076,0.6446580981886185
282,206,0.6088078092055942,0.06867798554917004,0.030505076690639177,0.1262254238089625,0.6261099660231666,0.3240718398921804
335,448,0.26729966881059697,0.8561581624921681,0.3355978494350508,0.3924543432677957,0.09030024677081427,0.5237248798531856
470,439,0.2219522514470672,0.19189427212540744,0.4667112559064771,0.9019649700484719,0.3667679510074402,0.38486317611552845
219,820,0.11390725481902209,0.033059200545114686,0.3606174903868148,0.8766954816574721,0.5465934359346518,0.2519711917189249
81,277,0.6593141959164528,0.5727041359331937,0.11741688820841312,0.3235915778697842,0.32519742589817713,0.47155263544586895
416,241,0.7809189910307799,0.08328922038460107,0.20734628450500703,0.6786105837683316,0.7603308848068839,0.4641740832344292
315,340,0.7609529795170038,0.09576185185983421,0.02456139491013254,0.8861601715577907,0.31789771505499187,0.45677725131096414
350,361,0.31627537718497434,0.8003770314825251,0.09307716135256283,0.7668774661532277,0.8286841743030395,0.5286315363989362
49,182,0.20525985046520223,0.4916095893179955,0.26630011772454476,0.6284761969329175,0.14673372098148374,0.34159421819450525
156,177,0.45361417845462193,0.241508452247143,0.8199702656357306,0.15257561456002255,0.7693925649858748,0.41900344541943724
384,232,0.5468134602405106,0.34862642335951877,0.5266375099372003,0.07300269257056347,0.1834654407851889,0.39441581224945516
416,468,0.9190871279685557,0.7292409788431715,0.424497890691106,0.614622179816561,0.5280152804121624,0.6807871785697983
218,344,0.8748231542740541,0.06635414475660184,0.662162943958549,0.5002756656891081,0.32052437296392267,0.45836362101604816
402,392,0.9160583313018277,0.11648061593320991,0.5415105603250052,0.23803665973148436,0.6373344359770395,0.520568522489114
421,719,0.8502623851359796,0.6162620349905696,0.13151392675562623,0.29276979495902467,0.21274040984159737,0.5184226727909075
194,241,0.9645812044363112,0.6069717344671073,0.22262336382418957,0.39208717720141006,0.7954097333518926,0.6439446654682324
449,909,0.46549999716905743,0.9724621845353718,0.22252236099060763,0.49552085212250563,0.5735838663664402,0.4922546980706967
144,752,0.04747349743309437,0.3745494812554496,0.5999525126123422,0.3902589690884125,0.9572731540926742,0.39682595042915436
120,175,0.08356203214847824,0.06507762717751586,0.46162436618934644,0.3872916720859666,0.7117703289157948,0.25575636677076385
341,314,0.39027614177234315,0.5375374348496279,0.3875850625608537,0.11573281131135293,0.607395539503251,0.44134250196446273
318,184,0.25768709127299727,0.6383468117617903,0.556639172881788,0.8655904182553432,0.8291586904463413,0.5634301383859109
70,273,0.16994059136106732,0.13960278578624907,0.9701157857825572,0.6091540817780943,0.21968256776177664,0.3531931712478775
416,366,0.9532037745086486,0.5528619735351967,0.3141934560558768,0.14610218460201185,0.6327424608644573,0.5740037323662713
100,131,0.19541958841062246,0.1977671216582646,0.5201954336335173,0.42387440287793576,0.39040384959485164,0.3164158907907027
402,15,0.959379272315231,0.8447300578810684,0.48037001564411563,0.4167159120295455,0.7437909791464383,0.796459375117908
4,439,0.7608388403212071,0.8351614957838297,0.7166430317458448,0.6006208784891227,0.02446940949126586,0.6580351577995001
398,701,0.6409456721252235,0.4296290959984418,0.7302902679829161,0.6088696178493316,0.4277120965269141,0.6419462717622667
393,303,0.6760189600893783,0.966743190512804,0.7290707214130405,0.6452221369797624,0.6517019018329192,0.8092426778526313
390,860,0.331474323659124,0.9797738744497416,0.2015195799387448,0.6979030573438074,0.46063933644216026,0.5984100127090839
332,369,0.6464270380582822,0.1292510889476195,0.44909313636118775,0.10335404612901644,0.23797159571375093,0.4305220374867442
236,900,0.1866921182812653,0.36771380483246763,0.8111746910291375,0.30492220057281205,0.46434925167943586,0.4884631085445567
352,236,0.9377054325359795,0.6003214700466446,0.38153017054064375,0.017347819172672363,0.8497445254895262,0.5792373515977183
139,539,0.30179333996059354,0.08483780958144438,0.9842551172899289,0.45464151208038295,0.20683901729813214,0.4174597955398065
390,763,0.25518651229354217,0.38265550381413704,0.36478674179219917,0.4294300778302873,0.3671721636296432,0.40411203797070677
278,59,0.7111627981941575,0.26117208401659076,0.4976668273419682,0.7343269301794787,0.9903355215001276,0.6701096132665865
229,930,0.6564487180661819,0.9520502209667041,0.47452559480254686,0.16711694660786114,0.9128171688904493,0.6449506189656958
253,365,0.45129891834330527,0.4115858228314705,0.4336638024692425,0.6314944571255109,0.03396834212665567,0.42613261498282906
284,498,0.6324462346907863,0.7626708585475125,0.8456313683196216,0.3066941979301522,0.5303319676020144,0.6635072268888766
19,628,0.15949307176085614,0.38670536351217377,0.15527523754801353,0.38191647480969915,0.06541302684788353,0.315935923074436
70,643,0.673328307401955,0.13181207041883547,0.567664706413983,0.7192868623714541,0.9239049236577108,0.4896342946741714
123,24,0.2706106951951939,0.8631515301608474,0.6186015773554236,0.07154804857357533,0.4415449126850308,0.4556134692588236
58,867,0.2728359766764573,0.00041691690310385887,0.8512213080693708,0.3427828889311625,0.41843700392800165,0.25871143207678654
220,623,0.16217993494378458,0.05594087397445002,0.6092001599261084,0.39132323013965187,0.27294603183931065,0.27178427310348546
334,998,0.3323771350361646,0.36438440589704324,0.9600203477877807,0.7157493118516688,0.5688189803921538,0.6529031032501389
327,472,0.3312510603113281,0.6868982555187365,0.8721677122609289,0.19922441507070066,0.14499872299339278,0.4849885934546827
236,613,0.45417901170226926,0.34170429529077573,0.3487399483527315,0.9474129936904631,0.7989550005355471,0.511063982579512
427,441,0.1904195046663495,0.06631281762097496,0.8599064452908345,0.9977619527941581,0.49121034484658366,0.4466550304008791
283,889,0.1930075361587663,0.3178400337341488,0.9584778140934557,0.8189101408200553,0.5664628913141605,0.4901037556286233
40,832,0.5417385716632284,0.2449808589901623,0.2571971809245863,0.2997125014635281,0.8408047476545205,0.44959948568316127
382,908,0.12887740467047515,0.005419799818197957,0.6102088066644085,0.6638666540728546,0.185148773884949,0.27582949764499226
287,504,0.6888970079888351,0.5348019131804018,0.28180391234213553,0.08314803169793306,0.1751830733421157,0.38904479472661246
317,791,0.9439471258625965,0.11664591474418606,0.6495672790822176,0.8712793157065106,0.42080167286984616,0.5878049191849135
283,359,0.42679562166437823,0.2874962887966661,0.0936428045470219,0.5159928712602737,0.7861282411946006,0.42525648923761417
277,461,0.9011053131506768,0.6411898302224145,0.7341880218690575,0.17643916631978573,0.05854555352014612,0.6503212113627735
46,760,0.09831659112586444,0.7251156888229772,0.41981982859534284,0.32741655956170257,0.7951702038987456,0.511680134613268
280,82,0.04295762737564457,0.26345562685602253,0.5873071786764368,0.8007427444879748,0.5007565935918098,0.368172197488695
397,710,0.7213688775138399,0.329193671065234,0.02586240252349814,0.8702267674270464,0.5617634499482246,0.49295804132232046
152,16,0.7610215729814965,0.24690923812746524,0.6954414552103283,0.5197133869344235,0.5643859382791732,0.6032605451644305
301,581,0.8430582409657513,0.9568886003161919,0.4959913541352434,0.48031150031067316,0.05616738895772022,0.6180556408919821
16,477,0.05681767839998142,0.19051972698740283,0.625251007687842,0.7507347465532593,0.2497707977181448,0.2704755785180031
174,469,0.7769070549568304,0.18318060363367628,0.31566797237617406,0.8261896225185549,0.7552974515146977,0.5316745489670431
218,494,0.3765387327965818,0.445035295831532,0.1458201734214144,0.7648468123958205,0.41226811948928366,0.32795849266640986
491,492,0.3033376326821986,0.18930635920056915,0.435428941996142,0.3844280502342077,0.5605169822518542,0.3682790589502246
108,407,0.17302392134329692,0.15670845628560814,0.9439791212863633,0.6419257616093194,0.9448686220265471,0.538257086004991
138,451,0.996015755102527,0.09587953770108548,0.22779402665380533,0.8573599082709277,0.04627176831736124,0.4255079901195698
204,568,0.06366358931886362,0.6401712481082494,0.6758390120352517,0.15176063404741957,0.44968036567381975,0.41869526897985027
496,763,0.8270080146079994,0.612082254901896,0.04984354403454139,0.38813668511496313,0.3612741328478981,0.4726399128063634
426,552,0.6394944354905275,0.6501628918779663,0.7180997852669284,0.0566188838752647,0.10644942619474118,0.4688095378870269
18,642,0.7350804442618671,0.7733000080093962,0.23843718680149306,0.4088772856873999,0.950794348759798,0.7478215057119009
117,836,0.7117171199217964,0.3263580127925758,0.45151706022933247,0.7722820839186489,0.9614595897485434,0.5567435412738336
411,989,0.8584344850731825,0.9184237336119215,0.36775310059477406,0.19702844342558745,0.3114881541894069,0.5631470006104675
30,109,0.1837920698561083,0.733204611068756,0.11284034331735548,0.5418871511243837,0.9467166106890788,0.46793881895605843
427,713,0.0008246168346853766,0.8047085885811869,0.3455819525117757,0.03658573342182714,0.0351736067242856,0.2929016109719213
141,225,0.5985284890432662,0.7209621638267112,0.3501249582931856,0.8976499907316582,0.980895990336202,0.7000850840113879
458,197,0.35385863932333395,0.3584556454325618,0.5221056390297516,0.8200046949004514,0.8359320164086644,0.607644305587931
147,793,0.12378733111713769,0.2830324880626349,0.9723515329399873,0.5244091917870659,0.2143302208112139,0.34809858947945466
217,69,0.18613875410423886,0.42251706957901414,0.47001752251063034,0.7057869959719498,0.5995471539345885,0.3870633289168395
331,847,0.3317493124592229,0.09703036053335845,0.9144261556326339,0.1039161648688589,0.7982993623693029,0.5172444107052574
64,770,0.07023337088670323,0.4512805015659471,0.4615576585625554,0.8452094963973705,0.319298964007779,0.4055736508862019
278,994,0.05691320212845086,0.04314098309523984,0.10754330087493946,0.7152615310717714,0.3537517920928296,0.2139608553965213
253,668,0.9160262548324442,0.003945960027194495,0.23015289527594018,0.1199673967250805,0.6289727755929266,0.398674166747801
392,873,0.3121027493536962,0.9314989394746928,0.40751767605760025,0.9806892851187775,0.14709405093343786,0.5844365420588081
498,119,0.9822306974735849,0.6893368605878929,0.32536877297018474,0.022530444206446676,0.1182106097224086,0.5922209558711434
332,890,0.9643670083303999,0.5618469470659689,0.8658292875324917,0.6285108625927736,0.24980527811942432,0.7127364381552699
205,161,0.1425712823271138,0.34110203942305783,0.6786456021965513,0.17175499674081673,0.7412597453470313,0.3628940859576706
203,315,0.7149243028961909,0.5705380146850741,0.5783084519186734,0.7192576492195367,0.3665992264115566,0.60502391152697
209,129,0.6008048891270692,0.8915757763383317,0.49122955123669054,0.07040625396877898,0.5073582216517943,0.6669500241388525
407,402,0.6906470731051536,0.6523801339438646,0.39727061828906685,0.08110088284311612,0.19545055680753265,0.43247256325058303
161,749,0.09619100001447478,0.6024819979535042,0.6121924398320113,0.4662917405631323,0.1941056673495719,0.33767135821469624
84,268,0.18856007863455804,0.46020450297167803,0.124607165444381,0.9940094654019129,0.65045125923481,0.36211909609404264
167,822,0.0766386614508815,0.345697030650858,0.16253318821690566,0.2765162397706512,0.10837525186845376,0.16528934769820602
12,606,0.6041342052170712,0.6985471139217118,0.30311635339669996,0.6125281607565226,0.6678407272164062,0.5771424015569511
53,629,0.9865910758490911,0.9809809410158142,0.1711846164610744,0.5185990743742355,0.4007018523489062,0.7353532180007505
45,938,0.6719845376579414,0.4247576935205901,0.6770987190248167,0.8421196096504375,0.6712709136176256,0.651177832211054
386,432,0.7107615350219296,0.3922052040142008,0.024768321406245297,0.2885896077051602,0.38172947701548865,0.40539386063938887
361,345,0.9845850415432811,0.4281134723650425,0.1601774916667501,0.5549443807114862,0.8460521836494983,0.6306913182601855
348,994,0.6780115541717961,0.4255439680497215,0.9026081094988033,0.9506235151051808,0.055556169215654205,0.624906405074755
231,557,0.04018157262847033,0.9906247733684951,0.9975431482220869,0.33258580833605755,0.8932973118121769,0.5423871750690349
358,614,0.8670056008565976,0.7067782575093406,0.48759047782809306,0.43940558131018104,0.26866117723809524,0.6721332845043955
81,297,0.3646782903787963,0.35918444921059167,0.4953700730217583,0.8888133145036714,0.04254220996548164,0.3522156298215077
450,216,0.004363621514715366,0.3715023738267226,0.7733987622374382,0.3324988572344578,0.5624044218821825,0.3442994628054817
251,170,0.5072341775608206,0.43079692474405573,0.036189577620575064,0.3806737646338155,0.22435423038109636,0.3558496770841004
469,224,0.9370150008762637,0.036712187580449696,0.4270214819009781,0.30411880887769827,0.4592031231841197,0.4712089015033791
77,195,0.2573306871949832,0.52781640202125,0.09982788181495983,0.8095313753250729,0.8023142060621036,0.4547656735232892
249,746,0.4915131730528399,0.8113809515227647,0.40092638265648595,0.9303869704377798,0.7915467607481518,0.6493465734066614
348,58,0.17377688778239075,0.6605677932075106,0.9838218411288748,0.6310988806669057,0.6003856162834147,0.5527404990184915
248,629,0.0576926716664401,0.1984208467615416,0.7536332808033611,0.6236301312596525,0.9778719086576473,0.5031213772444161
223,949,0.08054494671311319,0.7280342413783699,0.985045875685218,0.3900036197131751,0.4637510952459968,0.5471475223542939
83,765,0.7270109059613554,0.7194586063320303,0.7460486256706017,0.012483749571496672,0.03938839035481334,0.5694401482726872
191,403,0.864074470742149,0.26253921564899707,0.6081100718065884,0.1739375988235733,0.8194251498104737,0.6214126838931084
120,60,0.1432988392524911,0.6228746568569351,0.7542208329272434,0.14743835459023447,0.22129387005686074,0.36222392390760755
151,834,0.2883185678104687,0.6109490331219362,0.6590916729709847,0.11588200281303673,0.1762388089970245,0.5178137719395133
342,4,0.19502946764482731,0.8397876238561816,0.4640660299019084,0.6540473160533953,0.07000992196649158,0.3827933120840316
315,681,0.026855776926427932,0.13607231183344126,0.29254633400521,0.13634895237379763,0.32789994363863884,0.16906239753517635
303,671,0.5534313698869836,0.19483850451152274,0.5201780593343549,0.08563395253671924,0.3261589670541879,0.36194057534175983
181,192,0.6999221701376476,0.48596950376780523,0.2584934739014305,0.3825815065618582,0.30277153196645235,0.45062088344333295
479,740,0.6478774808850705,0.04414514889230703,0.4866763464421453,0.24902266296789854,0.5931929397686775,0.3939031702233805
44,176,0.3880535473022476,0.41559419760170657,0.14613540592108598,0.14586054563588224,0.7515421693281058,0.33827357468819713
171,226,0.5550102459399053,0.7882190419997233,0.5653950989700408,0.146127875558568,0.9377667186473392,0.6913317596692743
59,812,0.09409930663622468,0.14871439398399822,0.24528369081210477,0.2562057067827658,0.09405007868014759,0.0939580714004424
170,979,0.15430371872268445,0.4599487369365248,0.29360810394156966,0.5368497633760414,0.15038183248814696,0.3454203667842677
480,265,0.9317946195529834,0.9897692333824446,0.4990281417823884,0.7580956000912513,0.5898425105245673,0.8234991458918431
183,921,0.7615077478198968,0.5059200134248644,0.16252625302158075,0.8527766432521394,0.09813559387726034,0.46839102512933695
454,913,0.9227390958251673,0.49832382412209053,0.9623798836359191,0.7514178497388502,0.3707642846192629,0.7512654533617238
248,769,0.9166802844993672,0.5587935837241681,0.44694431539287616,0.6282132597041707,0.6245522305460369,0.6527005540269213
350,140,0.6493926171077407,0.1860043703327412,0.35227922962675107,0.9076245775194832,0.7805450320388616,0.4645686192731677
229,300,0.9282386481121652,0.14716388268594427,0.02919660509258093,0.5197368027342506,0.2175992874580316,0.3511937767822363
133,678,0.4167041030824632,0.6773546291151085,0.8432543631122329,0.6333568408536914,0.6679855640970118,0.6593063553493681
382,999,0.0036162447849409363,0.3957668099057702,0.6258339153063843,0.4116205503318684,0.6458696658472133,0.39341438006772167
484,814,0.06257111584615938,0.28990662821547575,0.41640515484129725,0.32738420088074605,0.8596161262583144,0.348310432518759
132,420,0.10948732570081521,0.031391619919897584,0.24553279933847572,0.3317117794612534,0.3137474957639904,0.15045813790161267
389,236,0.09535345318286026,0.8460504971784825,0.7451374186753852,0.14831728171229275,0.7500918648881766,0.5069700752074605
131,960,0.35170239085026345,0.032328865844832744,0.9454745757416672,0.7965976506738514,0.7519998644414946,0.4788699357400286
358,276,0.7012708071093576,0.7499831240833194,0.3808097056520202,0.05536808433354379,0.23919454199125745,0.4281077472572407
394,342,0.790648806600495,0.381988558998581,0.13487606837923127,0.67468524376452,0.6211578377584276,0.5233718579586701
225,964,0.5902132743446247,0.5986878105046501,0.10919474727273737,0.8644601928370358,0.6751620876684642,0.5624179598785456
368,562,0.14643617455697955,0.24767800069016233,0.0063619723338859124,0.4974283469853672,0.2744284126222738,0.20141028353719972
136,265,0.7479016021481752,0.15539966623207313,0.7439554407717219,0.07020078184155021,0.4517999953646392,0.5752590214466262
40,6,0.35480191913759895,0.5333880008349474,0.9813953859016705,0.4284174616368909,0.435777727256493,0.49404695114101466
49,430,0.012993348671796245,0.6956176949541436,0.9928177527535682,0.34322660288234985,0.7735095683710361,0.49365988858999277
224,986,0.28058862053274936,0.19549329494514656,0.7841972543429255,0.9855393192994307,0.000691255913743638,0.3951979308658847
451,433,0.3306005541409779,0.4363589474325642,0.16218377829604358,0.6912652016189443,0.5010266114566932,0.3971755111496631
64,699,0.2742455352181029,0.44465497029139567,0.9777094559131215,0.7213598048289199,0.1843408135638115,0.3937059655870542
228,253,0.8118701531875856,0.2159791490794628,0.3278134430019509,0.515826918962231,0.6468419680554339,0.5418624089248499
352,775,0.7599263975940903,0.565049446252131,0.33361960949254366,0.7094142544420965,0.6803688629709497,0.6213767996074006
101,776,0.6955520304126415,0.14593568678170066,0.6873369528924389,0.7225709767221682,0.5011265086935832,0.42407334818230513
361,608,0.1390050785122653,0.50974917331858,0.049049187074451384,0.06635888074610485,0.5420295417844102,0.26105351019624085
153,772,0.807833909706282,0.1134315113659995,0.8257697299075593,0.22260652447727036,0.3150581890551687,0.4649543014439652
404,579,0.6771759616633237,0.48554240885513744,0.997297276487744,0.012967555428886057,0.3133226793003714,0.5496268402325851
290,378,0.19483768648139188,0.31159905487555684,0.7750697780899174,0.5098074059285719,0.7451170598503605,0.3872082856178084
273,738,0.6480939302815164,0.452246292081535,0.7816764912073332,0.8757998548360265,0.13173136742631975,0.5919741748775346
89,835,0.48351164100368105,0.43374935944317417,0.390313670566551,0.6095545346953284,0.771503314693293,0.5963233359772461
232,841,0.43935006185622505,0.9079331228185928,0.06592138901565692,0.5002075278077094,0.6550131816019255,0.5334964857942209
428,213,0.11212316347238882,0.48993559995646274,0.7926674342344233,0.9259658476106399,0.8844746846554981,0.43195291824892335
10,676,0.5183042758451654,0.8184989038768744,0.5971580869048005,0.1722185110217539,0.2601446921997975,0.5500709829025133
379,5,0.09993180897236364,0.22565239291171524,0.9093386891220844,0.0746043081576857,0.506179051816204,0.34191572772230217
246,572,0.16425338725426664,0.35208279463425884,0.11596290016683253,0.9173057364097177,0.03898951152923191,0.2030176685008626
360,571,0.1325463142747627,0.07508938063319093,0.3051230630941083,0.9027817549188133,0.9125065750547853,0.36439620537919865
331,364,0.9541082790700076,0.4207477948214936,0.36065615372338644,0.6829724862129495,0.6753914606791583,0.6771448673005895
216,994,0.28486469044389007,0.668699887074931,0.6832797085446914,0.24597916209605197,0.6228752490714417,0.4738948500865027
155,883,0.35520432359600773,0.8381670341093962,0.787745163103155,0.9697640247043707,0.7326892009866032,0.5983452303046154
314,39,0.3220806062960361,0.5659149117991552,0.9610204085844203,0.7653463518038267,0.2843288567593645,0.4489073432726276
70,209,0.8982504451781438,0.6400726695930785,0.29540715832415443,0.6738945835846691,0.6038602687522343,0.6132589766085795
292,208,0.5629659113348885,0.17726707761694815,0.4936364085642473,0.22291132401544778,0.8009219104052452,0.4465880700168941
48,897,0.9191598989333117,0.037206038233439376,0.02896093008129841,0.5130891716331156,0.09029444470406423,0.32989447094166024
325,519,0.29992490582789555,0.791688145177316,0.2529878781088879,0.8225762412969998,0.9588168892902992,0.530413136554601
314,729,0.11483467443194895,0.1670382074412864,0.37400350811964034,0.860260224732286,0.8918868025013179,0.39921467501866836
43,810,0.5562184527241746,0.09116953553275242,0.5938062065254482,0.561430115801268,0.9630188339062141,0.5321562999788851
378,767,0.3455369917900175,0.9375623209065953,0.47084549359917405,0.5227938437192642,0.8083485090316044,0.6157321073481655
208,89,0.8019068334907483,0.9635213640591765,0.36447505977699735,0.6976838283076405,0.2943110924393203,0.7090868389312855
393,141,0.8794234089116586,0.6162572916024947,0.6240779665293416,0.5282488443124729,0.5815554676346544,0.6499497758166691
21,395,0.4725735109070718,0.3786372726872934,0.8286156771170003,0.4176810380656609,0.12016242223839868,0.4072190122567424
90,339,0.9713590240855083,0.833239540964052,0.24168113298478922,0.08541901142438868,0.7541667316660561,0.6436040462446021
247,747,0.5530130063444059,0.20471995933541243,0.3428758792604123,0.12604967571558012,0.15363966599281376,0.2917448464756488
94,157,0.27092039338631246,0.4293923274296819,0.7049236496870199,0.7602754682006674,0.866823934924232,0.4330955940670685
165,372,0.4889755153442745,0.35701729900060175,0.7779405987585303,0.024664064624268067,0.24055695251281128,0.4028066164671388
330,237,0.0373102924029276,0.9126999907416816,0.8253968717346473,0.05230502579760865,0.16041190728292753,0.48898227618453943
73,189,0.8040011602630676,0.9197774153622736,0.20933121889702866,0.9046435780864176,0.07090436369097253,0.6541536295920752
339,173,0.10143505085442095,0.6508859263236664,0.5392669612444156,0.7039971134546849,0.7113651280508115,0.5043690624870202
52,196,0.30874848850300496,0.11074014027269186,0.9000110985252844,0.0042127219141461225,0.18620377690502332,0.3352445422131484
88,564,0.5653165470049434,0.4821927896583025,0.39195045509149173,0.3120433743548727,0.1976678120617199,0.5018326880862038
294,410,0.04297512564689887,0.24532836622405674,0.4298830902215557,0.7633184605955448,0.1696966038627783,0.20897918918996813
396,435,0.07931689918144824,0.8849156631844819,0.9848229439006858,0.41760079997725563,0.3057951224684943,0.48137656660054845
86,479,0.6961163576130128,0.1384027990162019,0.11305264603250542,0.46879782285811167,0.9412114341283937,0.5103223973339523
150,741,0.07177709306076874,0.05431027586070736,0.705601989461636,0.4587990610460554,0.4866216779243221,0.296484497410924
462,861,0.4770828662473765,0.7044290335500782,0.8501841270408919,0.20213440325904064,0.26087793930576675,0.5150551595394711
494,526,0.3386956334207504,0.4532860749681529,0.1507935166340174,0.7213914378982609,0.17039075970445883,0.37038290117838524
290,642,0.22807940795641646,0.8383648876030845,0.7144532360072374,0.10300633052136965,0.018901419705438016,0.41211818941269696
224,738,0.18877889786366542,0.07462963116931176,0.46973822201044224,0.5072511055466711,0.36499264706834744,0.2328364543947985
174,690,0.7634112937325794,0.8010761326078425,0.8528908846746432,0.16995582745936177,0.11006147422608215,0.590107811443157
306,135,0.9515421931502825,0.037334752844158325,0.9074523168359061,0.046532809577156,0.02701199566916257,0.5010693578826964
295,983,0.14017974220333174,0.02807001191395697,0.8724849031545734,0.1432438844471683,0.10297970593583294,0.26363052543702836
148,165,0.959681219174127,0.4613157517310297,0.06438513757901276,0.8693349363117417,0.31852151639240633,0.6266593906236306
12,412,0.5947625034751037,0.22129128968065181,0.7568552768149742,0.17614766478046118,0.7508637014382885,0.5008624881894032
76,652,0.6416604053632571,0.5937187070065306,0.9215275749858294,0.2783692090123505,0.0669862511685263,0.547760699494394
479,403,0.7099263781425819,0.025816994211470434,0.621348440670931,0.13809478822040622,0.6786739237565822,0.5312940940417021
209,243,0.704118890354581,0.03538954236297853,0.6008760604784902,0.7355451016577587,0.6205425288012464,0.5561764939426592
241,923,0.8198111081856883,0.7271484961719404,0.045005387398110996,0.4454491672565015,0.8819902054667879,0.620819896712119
234,72,0.48346865134769745,0.21016516249231165,0.8560330222059385,0.9436350386450709,0.18398700847205907,0.41269940947482525
391,246,0.5333585875147011,0.6564171236607336,0.04640356082916153,0.6643245822479024,0.7942677056789741,0.4783724442979007
33,993,0.3238270024634159,0.7499221615007585,0.31350960638467396,0.5313892204867717,0.8648652170480753,0.47749452712765084
42,730,0.10525759378311705,0.05933116572496744,0.9258630652872155,0.6566309316281679,0.9764841316517369,0.4455409843791658
138,87,0.6646401909262191,0.7697539544642392,0.9497451427295122,0.040425383209664156,0.8085493580191582,0.6816874607365909
243,754,0.03360996918625092,0.26842121796128604,0.9919005404759226,0.9506602601286904,0.1237682008191836,0.4693449041192429
335,969,0.2756350510833683,0.38954595819974824,0.4764022856128862,0.956429610417248,0.9471290101634308,0.4344979138750638
245,98,0.09422986444610026,0.08663919229531669,0.17742954638101083,0.27613986855552963,0.8149920528037838,0.17721047561434633
221,414,0.19072715732271805,0.8386299833648527,0.48794448682908387,0.6282954827431336,0.21232518445467696,0.47137430559035287
468,468,0.6387309128973808,0.560728786325764,0.10231292508304923,0.2019152441398746,0.16519740054629517,0.42330699245140535
81,131,0.6284766302049182,0.5046652778471722,0.8725361089699698,0.5474717946004589,0.9364141504003813,0.5550690207925735
286,201,0.42105491299571207,0.9685548109027556,0.5605372332665048,0.7707892391243933,0.15569862610587848,0.4942258331477624
271,174,0.09017197648949116,0.3345057599406708,0.4045058991667553,0.9398217248053922,0.7771033854090867,0.3889467084002376
237,186,0.43337391645940837,0.890779286476696,0.0795307024808044,0.3392169232656719,0.40525925426315823,0.5311258990934467
403,404,0.3527448718582934,0.7196878810646042,0.40524067681663045,0.6935052630427615,0.7238052654927587,0.6391029275760036
134,464,0.7204591528559497,0.9285281358522389,0.8661916083901089,0.7164271143471794,0.09185138016664873,0.6862036454494304
476,238,0.5790266081990517,0.9078020527624597,0.7034059324772127,0.22114880116474123,0.7250582877384693,0.6636809565519967
166,290,0.49156576733699897,0.9910298050260696,0.08245551751096658,0.6290321314933922,0.5119113773190804,0.5095649168427795
272,193,0.4869820823049952,0.13167675203715756,0.15990719972617584,0.6554212891877766,0.9003783853388477,0.44325445935993407
260,796,0.9662968872604188,0.796016392091595,0.3923084907075046,0.7640761063460343,0.18839841724395645,0.7484487147884188
425,212,0.7562942217034505,0.8044943549475032,0.10137508268591866,0.9999472574545336,0.10935607797500146,0.6274860460958008
220,907,0.4969795604601278,0.6443735281784868,0.934041191993271,0.04023236942648056,0.19622029848486577,0.5290017396639214
142,539,0.4792226128889776,0.278860958238202,0.6522920446308759,0.20230504367755808,0.07857536724937997,0.3340306565508205
11,802,0.02647910130496345,0.9651482716283151,0.09482300130394505,0.14507843191974068,0.9801505408617438,0.4301356730960835
182,636,0.9425092633198067,0.20442213789020958,0.7880574623804607,0.15443405242070252,0.1228566259112791,0.5943810402950275
413,266,0.31917397176732965,0.499575378358439,0.3684059285719429,0.454248660621965,0.20085094559469385,0.34985387481826685
5,601,0.25593908188074377,0.5214871128191862,0.24487064455322083,0.8785365566129374,0.8096857472763892,0.37466269796502827
448,274,0.9994089253876713,0.16182934483603884,0.5699849419396911,0.44872326906775506,0.2467543957017866,0.5181620258094194
271,119,0.7186896715045245,0.7225288223332409,0.013372133120541307,0.6684803978344133,0.2222933401905378,0.48515428679638084
70,255,0.04736377329928798,0.08886716418023977,0.465397660104255,0.3764991425302191,0.6723097804076843,0.176936928306397
151,276,0.06188547702557645,0.693097778846711,0.8438049930951695,0.31966331531111514,0.3987652304398289,0.4639840691353864
277,135,0.02550156396019787,0.8486154962906369,0.9280575959855684,0.8342351848290422,0.8354791538003123,0.6394614871735532
158,24,0.5996188995128691,0.34939642508239954,0.34255470441643976,0.6555475101184196,0.6382693456625962,0.5900355006098954
55,943,0.07156450006195181,0.7094208085992002,0.6424365881650443,0.350895288082536,0.2882147170844769,0.33901475833016403
333,513,0.9333883568449306,0.1567740081478498,0.22682343836883356,0.9141602612471649,0.5979232756196964,0.5822052857963175
336,402,0.9369065400226779,0.8459490014528787,0.5602130709847091,0.4985115651176447,0.8664616215478925,0.832764033869707
60,930,0.5460540667480798,0.9520316985532247,0.254027726153189,0.1882747472992885,0.3644829605524619,0.5521106552529315
141,225,0.6166389313959508,0.1526936934997769,0.5713565086274529,0.4832218624676812,0.7364707215242334,0.445889117352417
122,403,0.2918944015252498,0.6918594739723322,0.17172211729323095,0.6746994379334758,0.41583298037715377,0.3714761692220992
330,846,0.06397254240827333,0.5058310965565258,0.9412325567607434,0.3671125892561623,0.5430733977784997,0.456928154420344
365,632,0.7374604451918155,0.5314993318323786,0.8869174764072917,0.8437847362753934,0.7337000277982368,0.7304388225866871
363,399,0.10178598874901745,0.7064897186006882,0.33691824944883986,0.5331439806061009,0.06052737130984387,0.3089636886902966
469,256,0.08555764101839314,0.48874049933643726,0.7766628889249426,0.4677647799344663,0.45494952234169117,0.4827857519459789
384,36,0.3112231092042238,0.6003263920177168,0.09550413073219455,0.8587114232637186,0.09521351599261951,0.3426649475127971
161,85,0.01246565983788206,0.2309010194113772,0.7403609087054239,0.462917806466153,0.7250055444720932,0.26989470965677115
54,162,0.434035615756316,0.3785065964886303,0.28245912961270414,0.4144101418508165,0.607806265185139,0.40273828800920386
307,786,0.7076809100800767,0.865240350071502,0.1356417686758623,0.10371639533349597,0.3269296603892784,0.5391674702810976
458,639,0.801348931421939,0.1099025116483856,0.6781912179036137,0.3624918788569652,0.07628151339283551,0.46830802341707495
487,434,0.6043073037989213,0.5975752609336399,0.46980681781938927,0.3970483005630817,0.9258024620299178,0.6199336986547572
115,783,0.8468742031139126,0.18428706223489022,0.5301396017304439,0.1806223192244898,0.315003720547662,0.5461741875614173
118,161,0.4065022037671103,0.846539597923372,0.5205297841379208,0.5878232017131677,0.27537677739674027,0.48204082563428186
19,211,0.8487720850604766,0.5790439538535498,0.05944798210601954,0.1438420705503477,0.10100497091758365,0.4196317456778729
71,393,0.5064733104983793,0.4030487826702711,0.05138024909267702,0.223689788603891,0.5773532090965804,0.44920490076101327
277,917,0.2230361279982953,0.24982467365181793,0.6011675039480969,0.5610919857251406,0.2656534553896135,0.24719023013480437
273,614,0.944145646660466,0.4368446991896344,0.6238646423554166,0.26898356472473706,0.8428530822117779,0.6678693937107336
186,851,0.2749708738371165,0.9576123259217423,0.047174556515114596,0.6396683101283533,0.6827667836268154,0.5591571592533028
155,248,0.02620148418779311,0.5092092897436206,0.37843933188781775,0.6905131329207045,0.003914905809406677,0.3411899957799911
415,848,0.24267404295502693,0.4694895316998602,0.6128512795604274,0.3012904106066503,0.5656746116660285,0.4607309031764456
230,73,0.36668756125742774,0.7462738135003091,0.6566806557530763,0.08738768149671994,0.23183467681972914,0.5056967876636369
404,228,0.3513496832892641,0.3790470708319067,0.8282757592765515,0.4894518338289183,0.015367120027799941,0.36502091978437123
481,523,0.5246675094435717,0.427423949880794,0.42073228359688086,0.09289842009181715,0.6193671629874459,0.519256467676404
159,51,0.8831268820359235,0.33694773157161906,0.5482577811469688,0.5152356815238681,0.20491436020542675,0.4810841903519867
102,858,0.29233822710969914,0.1509197553293914,0.5785603756088172,0.7262178421289601,0.8996358099532292,0.39168998682423267
476,867,0.5207706079591689,0.7138092142026506,0.312045283300319,0.6203297914708034,0.5733807409533367,0.5645263394467452
317,541,0.34013895368847935,0.8730309138836237,0.0538254024416116,0.44826764121201756,0.20918510972003623,0.38261830085911924
146,306,0.8217730593732004,0.9055926492427656,0.0042259262051046464,0.9458585478975475,0.9791274396872415,0.7255650710585014
311,99,0.15760151328847838,0.8808029380377796,0.8361254161185249,0.10174723308217049,0.5464415666111155,0.5483855839835892
258,619,0.1035102683100585,0.4517838024379929,0.20023182252238636,0.8800015069119312,0.16547217212637522,0.3857718590859199
452,538,0.5029952532376017,0.2840661922031963,0.6302546641591356,0.800128872641203,0.517242170169074,0.5272514989217085
128,760,0.6718875857654919,0.6379237496008234,0.5770474786439196,0.41973858036458456,0.9593490582230992,0.6314062104206378
495,602,0.7955252010907665,0.9547049119060317,0.39963307674051896,0.15286717190071442,0.42421023084221876,0.6700030533775526
468,129,0.5896248529053164,0.727050648168605,0.8334933087006338,0.15586678577764124,0.425345511894738,0.563149575011742
91,122,0.7738497613190006,0.49484856159015655,0.698401595693379,0.9218057607427973,0.46112672222479856,0.7025547485587167
83,781,0.3927100585609238,0.6888085745134482,0.022741463439172938,0.2337046642782601,0.2801035511544888,0.3631808489639359
267,159,0.032867670266468973,0.772537912454397,0.7766940733566847,0.8741157079878287,0.16178361304365152,0.4900398974280549
23,938,0.11609930790155654,0.9192692613280707,0.5069988180017623,0.5032952199302889,0.5789277033684264,0.41418284994539595
150,106,0.03872260122899618,0.7632157539721541,0.34701928908284685,0.4617346367273666,0.8942001967175515,0.3395907900996018
218,728,0.32894365047649265,0.4331905556359056,0.7268846565116779,0.6195112675838207,0.7357297419014195,0.44959704177718307
484,975,0.49549134126868233,0.2736065184654841,0.6860656296462694,0.21503908289323292,0.0961874076375514,0.477482720146109
496,441,0.3563174836569394,0.4998816647295913,0.31058823786894907,0.428370674059694,0.400848976055428,0.3395399815251985
76,57,0.5605994750663922,0.3281779446054718,0.9830388714978814,0.9384844388049298,0.0052958799055020656,0.5780904189366266
445,876,0.4806091484927877,0.942764592687814,0.6487084867117533,0.23825692897874984,0.3079403858870764,0.5475369508975415
46,188,0.6779428018639403,0.5079658434499622,0.6057797124538936,0.9215835588797517,0.6693765926140859,0.6320935837315774
374,527,0.6669621635634062,0.4720563359640083,0.06988036348177207,0.9942096966091787,0.2902342834910102,0.4727989051874848
422,984,0.3180641471086795,0.3481962181548629,0.27931878034473745,0.05190718807549677,0.8405583190951664,0.45179544280266654
445,745,0.3462144553610915,0.6394069902916003,0.44697400232644147,0.5313791225913715,0.4773842135407116,0.5070817054763309
112,47,0.5851478216413033,0.5200512786209478,0.6306257043096763,0.1718192996936886,0.6691681628399424,0.568491118420941
446,820,0.5964324678908418,0.12904892289825654,0.5127636307303778,0.6217142559566773,0.8838652232814834,0.5733308279313423
58,162,0.3146999136371331,0.8692078108304946,0.7630329334713912,0.9895426432148756,0.6828103086494227,0.6340344809238636
259,749,0.3303178857754252,0.3590128321437984,0.2625677124679019,0.8968808954182058,0.8973262042854727,0.5190662852943707
235,621,0.6940450131861471,0.4325784299581542,0.7021569952824843,0.9248484616063535,0.8080653559253039,0.715549289809247
158,288,0.6474108228760695,0.2056670566635791,0.8165970468911625,0.21334981331209935,0.5670642453943905,0.5598490067094933
12,424,0.1350508046797747,0.5533982076178892,0.7650499755829533,0.5423195988893015,0.2972331000174744,0.4229408781709713
386,118,0.44104187967539343,0.702055062428583,0.7708465845880335,0.23483101639495063,0.2981424046513561,0.5083343639756974
168,986,0.8927060787105903,0.8811653206259396,0.8885070572621654,0.8994247075776513,0.8753310898583561,0.8435555172001429
331,239,0.036305676104475215,0.05160766497226266,0.0841785424804895,0.19115399307424652,0.05388422973850182,0.027468243090379145
205,309,0.8551639464842137,0.9733319096993783,0.697191571374103,0.1539589124091998,0.9414368480968239,0.7500812365474482
187,503,0.16317815706414363,0.7038177420203567,0.968678201116461,0.012162631714018768,0.3270598001921776,0.4872611441391568
443,672,0.5072486324617159,0.2842986844115174,0.5736506498745382,0.18194786008662167,0.7388710598134054,0.4555880201334711
48,505,0.4243364289230115,0.20447475501396606,0.2173163119843926,0.18976284685453282,0.33002975263744827,0.31193363729234497
368,505,0.010129337341458822,0.29608791865459794,0.9987538057742129,0.07749018752561165,0.9533013892331607,0.4519498701411052
373,583,0.915396937089632,0.8757257516664424,0.17467729282147892,0.8677411034131589,0.03647403015672579,0.567743389758204
190,857,0.4549252273343056,0.2913901731959504,0.3355576973748593,0.779997808696124,0.35331887664031647,0.3529458367344495
131,395,0.954268276760615,0.4628211345572357,0.1720621884171678,0.2544814973472568,0.8674610470272441,0.5805324919810736
3,832,0.28674390097921787,0.7057380542422326,0.46451286875006825,0.7832577033112026,0.2740565391369737,0.4360384726253144
468,787,0.8662757734159724,0.8719898637238855,0.4188760096109583,0.42216454679679827,0.2756194765932758,0.6011941690703116
473,961,0.9223895739956305,0.6585711623461041,0.4912408965105728,0.7755203093481845,0.8987518160686162,0.8367569958861841
121,913,0.5568324163707806,0.7531091965344227,0.9279834000554296,0.32300765183517355,0.8305822531725856,0.6211440686214602
16,798,0.2026777878677175,0.1733267962959556,0.4783243858342251,0.5646542264878771,0.10577119529638923,0.3732842359082958
62,247,0.68524743210572,0.8774078276911388,0.5146263262136441,0.38161054195416855,0.5801799098693466,0.6674833116410028
34,774,0.5489780665294601,0.27571918361811065,0.8866821059184681,0.18767581702346914,0.22339518833992555,0.5125484111512915
415,736,0.9445296658526259,0.1283781640565157,0.8177579940148323,0.5856328840020008,0.215138271764858,0.6132557096043234
446,290,0.43927206181049183,0.9762442903406693,0.23972203122544422,0.7508307999778511,0.6154039869035625,0.622028734270025
77,678,0.268513647639822,0.20163992545416098,0.012925955228850206,0.7531071245941489,0.12386616416501262,0.31053149374258293
373,253,0.1382870014941071,0.13665197007797647,0.6294995922020511,0.35628941831924354,0.469779001002976,0.2535239689666681
90,523,0.6986335686866795,0.6260209001017866,0.84484982383752,0.518711768405828,0.25582173426288,0.617490778490049
184,796,0.9741096189805822,0.3188631494960953,0.5528501126104001,0.7637785985850863,0.8539224725773574,0.6443425807103534
300,189,0.028343770571398474,0.1333492051804933,0.21117692001284516,0.05449759452259084,0.554494232368132,0.08789573422497166
360,337,0.7404453547781268,0.601121117215876,0.7413550906753068,0.07188833330086031,0.21510883126161517,0.5270780059638854
437,795,0.9269303625596667,0.7589852272222355,0.6695392826112699,0.37622273997207734,0.9264656527218054,0.8719527829123824
23,454,0.07478153422734934,0.7931983742071566,0.5650325374085529,0.2234716010289668,0.8228965304067517,0.4708488660947282
99,960,0.11017004510613315,0.15551260101227238,0.8633361740209837,0.37464601955022037,0.26529223036591365,0.42103062076569187
140,8,0.6919570984497087,0.5568670679399422,0.7842423529390328,0.09375307985962356,0.9610509078041118,0.761476669436444
155,722,0.6479633758957883,0.8136783706814606,0.6679520914227803,0.5920080306752875,0.2677389171420461,0.7805171825472976
499,814,0.0688274153162457,0.16108701142418524,0.6647586690232183,0.6717405059943544,0.2926431220469764,0.40021688111696085
388,917,0.8344227521511565,0.2076822517706749,0.6622026342982749,0.7918405078939063,0.3859633543047778,0.6896730626494683
160,157,0.5234238478448924,0.00241139743167762,0.525164744916564,0.6505229380753269,0.16480522045456747,0.36869440662320396
485,984,0.9071973733366125,0.5246341563952881,0.463921644643847,0.39638139500607583,0.6870161387127679,0.6502090520204317
250,392,0.8779908809927044,0.19468169686195091,0.7096004594987196,0.9349282248178576,0.5573373258277937,0.6458231698297653
250,352,0.8125077690501658,0.7242425757268991,0.6104944814702311,0.7263320160279905,0.8944624815519232,0.7537175550069265
217,356,0.5158988962444213,0.9622138556176058,0.4899805623005431,0.5276812458267756,0.2408752256465332,0.5897018104258712
72,638,0.25171064174943225,0.20875548899907026,0.1266613539110416,0.2068504083355922,0.17023088659919938,0.23686313763791556
467,659,0.5059755039111326,0.6490970117635326,0.7019287886531655,0.6489749867362157,0.3586233926795297,0.5498527766555802
7,474,0.10081137780178007,0.21183446145851137,0.6459985705779654,0.5917205250859561,0.1461086835080887,0.2246088859651283
87,71,0.6588461484734262,0.018006858979704,0.3422484259735036,0.6833299989375465,0.9461510281666101,0.49904183847902706
115,986,0.13397721922900763,0.7585541942145848,0.35632316621507676,0.7811247653083012,0.7174466968694084,0.4521855869103645
140,222,0.5111729625007231,0.4340046766508928,0.24672238413525227,0.915049618978224,0.7961916546491633,0.49266756996162053
66,94,0.05438197416681778,0.9467868615146531,0.9619152563650188,0.9490565913581458,0.7480436233720882,0.6453689000276316
9,597,0.2995124902746459,0.5342858821434056,0.8602013628687226,0.6301855021255962,0.24281917477268689,0.4762997556437586
339,412,0.23208046066978782,0.15748286897568398,0.5610490294122168,0.9659560357533433,0.14065663802023654,0.3944008852315051
484,615,0.6200315427116705,0.4497744417972779,0.40165314655851425,0.9114223990005675,0.4294335830094489,0.5260039029498305
61,875,0.7867867120225087,0.2028917948060165,0.7368252636964233,0.0026143570152210582,0.8290191217744813,0.6167608009090716
148,98,0.05730295454052614,0.8780292726865745,0.5277281761259972,0.6376174662460078,0.3305153286007685,0.46588369812082464
253,284,0.8502836851553842,0.6909031808875248,0.975851033915114,0.17846940983406356,0.00956294222831433,0.6378360397723892
463,517,0.8607676949546045,0.3412388046547036,0.05512261392215456,0.2951926544584984,0.6600607021214705,0.4910039275128982
347,788,0.3422690742880228,0.5278203228071404,0.034285734053475125,0.29750019973558883,0.2000630708531641,0.23667093719938376
383,601,0.6590040659703221,0.6694801882130285,0.5686110179733733,0.4831296396371074,0.54283516239164,0.62543556823502
290,383,0.40261303170344953,0.7828577166454253,0.20327922268890675,0.010866177993366422,0.014880050025618874,0.4029322733291001
209,610,0.1541908821896315,0.08014720987054169,0.6043041635501925,0.2357964080246565,0.5088498556215773,0.33660454032257686
100,979,0.5286624185631104,0.022518841995246786,0.7814230285471774,0.02912095695983663,0.39360848576720964,0.31485770606935193
432,480,0.08635967450159665,0.11445269716988982,0.13810976118487284,0.6505585657192379,0.8804119869827003,0.20331167338710598
402,883,0.8784721553959879,0.394996310172563,0.44060822418952794,0.8892875786928331,0.72181379944403,0.6207722705316887
13,780,0.9242897594096086,0.466706610082092,0.6886670834493552,0.9977886598319321,0.03602815490289557,0.7061132041515481
357,302,0.8216131370114036,0.13646163021384838,0.8338635706729712,0.44855689178209746,0.7895223966388268,0.6217048811445235
43,250,0.5625281207559786,0.4111531378996053,0.49634409003635727,0.26014111029415277,0.7912274543756607,0.4767790059073206
369,770,0.557598591125455,0.4416227863618305,0.2061535869060216,0.8531035967306924,0.6634095483331148,0.43109080988581583
413,208,0.9846073766009298,0.10908996367748669,0.585799255585633,0.11315851754047279,0.9292967359036619,0.556325451933693
66,337,0.24790168983118288,0.916659960195734,0.45451706872499953,0.9742389810561408,0.8032535276661361,0.5747732815731689
217,236,0.07594836590520748,0.5991459275877076,0.7719254270044859,0.7148374547182023,0.21889866460195428,0.47805550816376247
62,606,0.5619409236011778,0.3885355304562821,0.555576064202948,0.5039346653674142,0.3815458850243225,0.5350839342947555
284,294,0.3287855978101033,0.5069071834722066,0.2794228449704308,0.09665053732423334,0.3499232224363732,0.29090548769350133
463,658,0.32233877280804424,0.31419748646880674,0.7543929197211882,0.018195935709771405,0.5049078164394036,0.4413436565198202
41,934,0.007085354169948044,0.854331031644593,0.5177470129619597,0.5445321974819392,0.9537136201976354,0.5493058744661352
199,829,0.596239409547933,0.5750150415685037,0.1775465522783275,0.4138505074400214,0.6155983684478118,0.4328756589851986
486,948,0.26403370227561407,0.49489581439354347,0.5630723231419945,0.8426644943620367,0.3129390594201288,0.44256490231729684
151,25,0.187858548192681,0.9108854030955976,0.9483200598458729,0.6423054796934369,0.9415177383854386,0.6962421353359086
66,455,0.04043193139300372,0.8379796982340677,0.7055162609377361,0.4318963464956951,0.7002714728296972,0.5191198826738573
244,220,0.3643615764756113,0.8128018914258494,0.2988033614579789,0.22600706010119387,0.2660805234820034,0.34925534878273357
254,917,0.8789688723864574,0.22560920423184416,0.7108731752928581,0.48042220881200615,0.9065127688022294,0.6528458567598359
331,712,0.33667080759737233,0.15312311146835678,0.2826063110021789,0.16299427878615658,0.34421289780276565,0.295547889467351
157,320,0.6790742101195937,0.6900965197127477,0.5426888375412618,0.6670126624731854,0.5162112755844842,0.7078968265006848
477,563,0.7565469634019073,0.4686422563413959,0.5265957637875528,0.60572907246576,0.4792228456897505,0.548460579956113
260,605,0.32810080919019957,0.6837127129568435,0.24739087891180367,0.8100713681262028,0.923630873299187,0.5111157067596852
143,496,0.8216407350120413,0.7606272321111164,0.347881199879818,0.44952927224227623,0.2656633594009844,0.5805843613480998
480,474,0.6918796596669491,0.2953135073447509,0.9421814547860456,0.278648533027529,0.3333067468663127,0.5622502270920259
462,56,0.5592422287009515,0.2846504331228087,0.2505985364154336,0.8363953592357555,0.66016018333731,0.47656943597938917
250,453,0.0009924640506289162,0.4908315662581837,0.8010270436309859,0.6909970814598847,0.8866157029136872,0.5155185024873279
13,348,0.03509076592280813,0.27354931352649736,0.66737058001214,0.70670916405935,0.11488409066885352,0.2440328770564007
298,818,0.9908658441060634,0.6672952760161995,0.5326291325257645,0.5280845714063456,0.20988351890545454,0.6747430681823019
278,865,0.7822839235035594,0.7467304458807168,0.13751486946516345,0.875978614886873,0.9480344824842295,0.6415630272643187
74,750,0.937565258772947,0.47203894605324437,0.2045707527063778,0.22778350747153586,0.7772971044044306,0.57239968599151
317,31,0.9023032049180275,0.7237997655986432,0.17897762359040392,0.4016920253529206,0.346069767487883,0.6649167766144346
420,841,0.020442983142750837,0.5104375690707762,0.5867942589737524,0.7962325716648236,0.3576348080796282,0.31445747694539605
53,397,0.7918472897910739,0.7128717219670092,0.9733831967184781,0.13296090196868116,0.46953387066633545,0.68020155414762
361,416,0.4511457440111546,0.22496824779572533,0.8772392627749948,0.8081094930162147,0.6737994997526939,0.4851822233562709
71,945,0.7895582040006557,0.738843045933042,0.025251882929577252,0.35259522073084026,0.561041104651366,0.5536976857677502
374,867,0.006715784163385141,0.7151240234570178,0.2737266244623465,0.12550369903036696,0.7761199524984544,0.41692107455304506
210,51,0.28819930120056425,0.26660570704917763,0.15725745893702214,0.07914948553522905,0.0541667917801415,0.2090854321726257
4,360,0.7513237757913022,0.555970991040175,0.9756778418979017,0.8430287187537342,0.8190407425151698,0.7608486394628805
483,749,0.7930207886015898,0.8553116678744016,0.23561023459781505,0.7786155456256356,0.058051351752465674,0.6518455742466763
83,539,0.619714601214624,0.24952264697243898,0.20131318503879392,0.2880413453895164,0.8809739250217695,0.46603302414607994
298,258,0.30125618944626376,0.7359797840146763,0.6208752935822592,0.11636218923747821,0.04325443534749884,0.45764954859546325
91,525,0.3103625912878629,0.9539667171468871,0.5561865835747865,0.24723442603771806,0.12783243137880262,0.5224989500408869
466,866,0.9667639636420327,0.8662419197575649,0.22585148378123487,0.21298763569367574,0.18018437181704794,0.4562743649223346
369,224,0.4392121792342045,0.40152008268027617,0.6703648645372422,0.7330556516921982,0.2230507821396488,0.4691463895568986
402,746,0.44712555024383704,0.6072077329881385,0.09700721129468914,0.2155630843569175,0.40176207259025354,0.33325793645928564
216,735,0.5523327502406995,0.9917701342527039,0.019369066030892168,0.21609852176762512,0.6554820068772782,0.49598248034207537
234,885,0.40950233686438875,0.5684374113757185,0.08241479070634683,0.032268132498855406,0.892603381907778,0.4922896379468325
317,298,0.5526715645974142,0.11502760243036658,0.3648682259757726,0.5968596883095181,0.5245028101364752,0.3871531282672639
392,216,0.4323354227675579,0.04543075477876091,0.9750163278748174,0.6889795482561073,0.5324897408472081,0.5794614068429134
423,548,0.8267149196021867,0.7903145097440284,0.5472469988093639,0.6534904689480839,0.3193050979496842,0.597902893652254
9,531,0.909051019798284,0.42362832540184614,0.7547261030154672,0.5685991561560785,0.8006804243058488,0.6523460481406569
332,410,0.9321102598153617,0.24681289062919443,0.32149575223155935,0.9660749488408352,0.11048622811819742,0.5569334131976307
55,779,0.5642962058293866,0.347672030660947,0.7193390654833292,0.4727385121770882,0.3011031806581871,0.47544543483922996
144,799,0.44214855746449533,0.7573728665464523,0.9661811981223575,0.8601365081212348,0.09698141373914315,0.6311512532034806
414,246,0.7052400587918379,0.46524733563382914,0.35776089028205327,0.6460099103773388,0.21418081882621387,0.49054880214559776
126,795,0.8383235912959066,0.8684994925258765,0.999059434735025,0.084161940687836,0.5865979115557839,0.757710906371097
398,231,0.5629822420663771,0.7349255887776993,0.6384099510316661,0.8100884609760892,0.12596038798091225,0.5649991608788132
232,408,0.6999810218222613,0.974014150445425,0.7485914124647238,0.5843885416898182,0.10061779526352166,0.6857223181298763
117,28,0.749729350721248,0.8885037667898433,0.25216723884814995,0.6535256593254346,0.8259108114395968,0.7187992967083433
167,341,0.6763937767172867,0.25454721178600914,0.6430907691772416,0.1802274356238519,0.11829912809413734,0.5116618101222663
265,958,0.7461335557293095,0.6590592328025533,0.5110062514623874,0.4374900941423574,0.6080533499121532,0.6156375103458266
382,443,0.20864533255599838,0.020543034528143878,0.956402645477436,0.8805824743742842,0.3520111828941702,0.38018789758408283
303,710,0.4983745470217975,0.9911067244295982,0.9046750477895155,0.2154311930863153,0.8963671217762462,0.7080991645239537
466,108,0.5882685546050872,0.26100610880259656,0.3966725989250772,0.00012490653719365863,0.7075500368082185,0.5007008022937678
434,635,0.0024779308570230807,0.664795093623584,0.9468697515382334,0.25750871211747506,0.05943023151306037,0.4254977537650471
376,372,0.855962508813682,0.8491536211995653,0.8848125527500097,0.487542449176412,0.8954681105093145,0.7341624586661277
301,744,0.6100245084449121,0.16046466272797144,0.5903838503691392,0.8212780433019213,0.4138988945360358,0.3882568916600727
145,928,0.12913633169820327,0.8478793428104792,0.08211790878954028,0.6432909005733509,0.29822744898409836,0.3346946304000344
206,532,0.8163570725758271,0.012245665790822424,0.16079024065953773,0.9190634689571758,0.6727820215628657,0.4844575086852274
60,103,0.7170569664405446,0.4419771380854074,0.07687424467380022,0.4555644316278935,0.7179739212327281,0.4925652477750393
187,476,0.758299543463637,0.47203762253113846,0.10799311464906103,0.3908152229570373,0.30325077687086066,0.47740595802020475
463,123,0.3920424618618562,0.3740907132587359,0.9769523743930777,0.23141821659571327,0.35165654599704543,0.4736440232018206
213,450,0.8542025066949921,0.5863847463004997,0.2121672992161523,0.21806248453910415,0.15633050950669047,0.5604171618757141
57,62,0.41402758213236224,0.914842348702632,0.690854582340663,0.7361098970080604,0.5934435648091743,0.6923228716443823
326,640,0.5705091529455913,0.3269891143002891,0.6365282576827697,0.08035912304530912,0.9569090533316218,0.535656776655362
481,311,0.0006423036998737253,0.5792598871664242,0.6311448648530038,0.24271358483300864,0.41662446234339334,0.41526863523368407
433,202,0.6448731146778622,0.8774625257433228,0.2067039995960298,0.8858952595401297,0.9962061815944345,0.6097435077358124
137,18,0.7181757921279367,0.7729953951013782,0.5793465943846096,0.5769208180996529,0.17641460449583923,0.6044714421417275
227,888,0.5671093654887923,0.040733264805495994,0.6255383495849516,0.04658760906833226,0.7960994590417848,0.43637309083450215
265,837,0.49655881704361604,0.9427907641276623,0.5704053166451111,0.7042550483297855,0.9281082536142568,0.7384899673467651
124,811,0.8099364737117083,0.04664690425861273,0.18616246727567864,0.5066823677531164,0.6880543526632508,0.3599932511666696
135,59,0.6813727171652418,0.5887584743743296,0.7230605970747089,0.8545217274980156,0.10932628931086574,0.5850443239608041
119,350,0.278074039720023,0.5753536203151648,0.07324316191651103,0.682433872541263,0.3265413538384552,0.37915687952554855
497,971,0.9590733380799858,0.7863902307023161,0.5912000118196219,0.00444658797778863,0.0856658131772916,0.6397121985577385
373,579,0.7072671941953408,0.14844305184897766,0.4362593324013133,0.20573908717492062,0.6017481209158007,0.5066854066286816
420,129,0.9879389289124246,0.17937039206270378,0.25028659313307366,0.257963700564945,0.9981488091589312,0.6048755533666894
408,141,0.9712613162688684,0.7521069327383605,0.8073889890261388,0.70223228916165,0.37475461323525905,0.7642770443033302
479,263,0.9189097228100899,0.14950475241162509,0.1758925666721839,0.5093141776700942,0.1629450425262613,0.4573494798737564
53,972,0.7553715412253076,0.46944512706563957,0.932981759897951,0.7474474970911631,0.26864019466702516,0.6355416932450308
440,170,0.6094293684969674,0.7316480902109319,0.884565028321187,0.5128671987834625,0.5708019692101889,0.6868995516640779
34,902,0.17217066368292422,0.6512419287826812,0.36058754716208297,0.32738461069660096,0.5689617868342696,0.4444020373351328
238,678,0.5433514174237577,0.21060418611309517,0.3051529308585933,0.10366064670868935,0.22982083293630606,0.31926120787903245
297,921,0.7653765223943273,0.30396025868608556,0.13748668341890213,0.20262209866873626,0.750704740537825,0.48406776299773924
179,826,0.5208571587055678,0.968974903241041,0.9163278159339558,0.4007800803456817,0.08801229149336043,0.6831117268331446
73,332,0.8682391284056578,0.4486706201548839,0.627531858823272,0.5514543081817787,0.6230402827640222,0.6823554815948066
96,828,0.10965589919169827,0.04445747643638054,0.031783582143403155,0.9386374031906226,0.42569894895038185,0.26976003075097327
412,169,0.3809403480486341,0.21958489946633264,0.5109994145616105,0.23972017706650117,0.12717501984324675,0.4308488977742782
160,291,0.5059644185936573,0.34243508966183767,0.0857989478293869,0.6660849394466838,0.6343847520956541,0.45147048298629766
155,212,0.43232529586910806,0.9994894042945859,0.5737506849528418,0.15254591149330166,0.6730494181949296,0.5874674531332791
461,134,0.10858654782155308,0.3026915474769186,0.5089617183208125,0.7137531219223341,0.4400202956311914,0.3730107038077602
72,90,0.15352829404463053,0.026395848782544973,0.08284604550272201,0.011340877143979022,0.7979928194654149,0.21350059096830082
457,188,0.8376172928554871,0.512921577555336,0.8158605931167728,0.6559199499296157,0.5093165844104856,0.7153527181988881
460,120,0.484384259201451,0.08360538497397707,0.26231717716627767,0.16321765671452437,0.28575445209854233,0.35261580528528746
299,381,0.04872242675272764,0.27406759869572184,0.541484364166699,0.18032444638082334,0.9536012779381571,0.2682975614126941
83,72,0.016491258977649914,0.9923831760939391,0.6390388766305344,0.5589076333145773,0.9440440377498708,0.6540402156033117
78,62,0.4734754019943266,0.7046385189301544,0.9623045335751665,0.3754115459087124,0.09562139471834497,0.6550683642473986
143,989,0.1643787259244437,0.05066662928287036,0.49381169287984594,0.4713051505508362,0.9460812825483834,0.3781888542748717
289,88,0.7051259459992218,0.448686718591796,0.9173157722879235,0.3088888825562579,0.7754823807383165,0.6839906173328301
77,74,0.7953234625277513,0.1716375126288493,0.35485734134769886,0.9534670495283252,0.10664416255723463,0.45173897415852027
228,31,0.2282967084571056,0.12294465640212127,0.8574372016499949,0.2906561000818888,0.5193252718522146,0.37799321724451723
58,133,0.5921769448817807,0.587065413348802,0.23582622695141675,0.5420474247354999,0.034951310077598996,0.4659297291346155
270,528,0.154444643485386,0.5056558896402157,0.7074797624354178,0.8543555555408452,0.5888570705608768,0.5196850537194855
11,827,0.303582651594387,0.7428665843155082,0.08861199375499651,0.6641808122608212,0.9331876418681869,0.5369455543146721
354,735,0.8887954941814333,0.8923062282318597,0.9860503566836593,0.32277694698172066,0.36820973748545804,0.8057678605502818
28,580,0.5440980914823108,0.24668185743166193,0.953936399862368,0.5524366833668194,0.508625174051158,0.5921441149265565
98,85,0.8858886951442001,0.9229919866553971,0.4422136385173777,0.08299112623272742,0.22756032590267605,0.6667229279185414
88,774,0.22524780417950696,0.5179917725540955,0.5239352179902536,0.5456864027076922,0.5409462399288926,0.38635247098752323
415,38,0.33002434324866603,0.25883491818511717,0.5977748623180221,0.43138908835354195,0.802574668743364,0.48840951630673635
27,631,0.47095213845681705,0.8457858381026093,0.27503755968967003,0.7579337070734441,0.21525827393722985,0.6087510556193717
215,409,0.4800800751945429,0.0355299180290225,0.6744714352051626,0.8479028431341171,0.5534867619645172,0.4542827501169702
295,882,0.9976479671837004,0.5595093774729606,0.698561946604516,0.19961652164743904,0.3546432771179143,0.7270162649758084
258,308,0.11444531897113008,0.7216215350299666,0.5250764923252756,0.08153590546076306,0.7478720780737579,0.39422391517544625
340,638,0.8519650356015908,0.27997768715614324,0.1477406924852177,0.3905569812448356,0.702038661957203,0.4980054374040988
401,440,0.8636820394218702,0.8634919175632179,0.9191859438916,0.534150408200547,0.6987896561140851,0.78499036164236
197,522,0.5531986315377874,0.24028456335798487,0.11504508234561528,0.37680194831502256,0.3778031337243949,0.4123514742813069
414,938,0.34403716825915376,0.8398742827317391,0.6291721687105114,0.6285611709980801,0.599279302970478,0.6737859951686056
159,713,0.5192261042882962,0.07854496383245724,0.10308859660975511,0.5056512797190751,0.6510851836864724,0.33928989108705443
492,415,0.2924677048065638,0.1599275918684313,0.1461007091329226,0.9366260346650898,0.6808139723697292,0.41128012669072245
252,447,0.7991074484399395,0.38098458390190815,0.020538314028828997,0.40939112331959304,0.5752563540375724,0.5488449401459865
368,704,0.49827915871033013,0.8540555127981793,0.36336408385675956,0.08249417294858241,0.866804746823225,0.5722946290042542
437,346,0.9258421788774506,0.14458536512678244,0.6395825644220379,0.3019350211414771,0.2487985792700026,0.5158163774238357
396,168,0.6226913443560438,0.8754382397942415,0.521544219732872,0.6058938623632445,0.05580678936137651,0.6156169803238281
425,468,0.5143193331146834,0.22973152661279372,0.6745391512484857,0.2560250986070861,0.9625034538737999,0.47448764070306493
268,69,0.7110693539776523,0.45250839859452874,0.6750188608709529,0.2689884518056338,0.060733726623868556,0.5029654619509901
22,170,0.5039329644302343,0.35273440426033775,0.14017374399423865,0.33957248402235085,0.9029556557919547,0.5439381912741276
247,421,0.9045063504194472,0.11812622661452354,0.05733740342171556,0.7461417799090552,0.6122849369542235,0.45380718498533235
91,796,0.1844459608868413,0.9443097395191401,0.6253581404346699,0.9401332342939615,0.9187403853145995,0.6909985444946832
444,781,0.9733486837459057,0.4381782907522135,0.6532243049752426,0.35037663384777995,0.564953930562639,0.6781650140828981
119,261,0.812190551851192,0.6903312613561945,0.5567037351417045,0.1954880397604919,0.8210087254928071,0.6620925452875698
114,422,0.8607333618648696,0.5752676766640311,0.24576246632407073,0.42063695216710306,0.7212902632345336,0.6125294103376427
125,154,0.48290783237107116,0.5017159168522074,0.8107652169822539,0.35183969297962614,0.5251121336606707,0.6340361578948587
321,755,0.8372015493375974,0.616577623556849,0.07568601549625709,0.990024914123176,0.36332358995361924,0.6016229610240684
286,247,0.30677408357720515,0.8983423062024289,0.6323117893213593,0.4638682585179925,0.0028590206883423175,0.5253867696061545
474,799,0.7619481785641752,0.6993123756941095,0.12041153587937214,0.679283352811864,0.25090527456937695,0.6131020959478352
208,842,0.14045015838902264,0.5324800794552211,0.6544477164332296,0.9137880666448532,0.9517668084739433,0.5258179167528265
141,689,0.3070519159625087,0.6451859606659763,0.41772578782349645,0.6290615773638835,0.2754618478649913,0.3888369119441908
25,330,0.44573266335973283,0.6063942805090216,0.7181030554376714,0.24937847491985388,0.7518524426622003,0.6550720636935389
4,952,0.32231971814342186,0.4331212074863131,0.05219220247693468,0.6074100953332803,0.5084976145313359,0.3592563986539417
187,686,0.3870171156241836,0.6247640101304504,0.555082988480368,0.4018763360651161,0.3085143846547993,0.5144575687281234
462,646,0.820104744783698,0.4435698001641636,0.14487789888007963,0.42234986943880704,0.9910934489623805,0.538681998259436
262,856,0.25667589214216757,0.7576143778719123,0.6823816316104737,0.979324581370405,0.046974377524794164,0.527287618460791
446,881,0.7452811721545722,0.9689124835222855,0.11995563131168241,0.2785910135948526,0.5820771064740238,0.5501276268767754
51,78,0.07371206911165185,0.9598653574972292,0.07358332295192582,0.4689351464783108,0.4615182160097113,0.3961048637338805
47,881,0.7657391075150608,0.8207357864249805,0.7131227981836126,0.1598670456992003,0.07652640970206159,0.5725997452638012
416,765,0.792023242829773,0.6017588970594852,0.06353193456828232,0.17854419868548876,0.21409620581535505,0.4068392180226842
54,207,0.401698775502482,0.7493319880707405,0.22453081793151608,0.6034844240858339,0.6942419736778913,0.5020773982467039
26,308,0.7224778231674704,0.1780482952575544,0.8247351971256721,0.7510157081527147,0.1083286297934335,0.40288379332564034
202,752,0.9151384037450991,0.47901845731392256,0.8096883078082263,0.6364598736168452,0.8010251105497124,0.6820384290689202
462,217,0.8007129735545269,0.25730476499136434,0.854125757780776,0.3292839979029708,0.6250609939521135,0.6411734915664848
345,452,0.3904465103969599,0.003494981109347095,0.3260998895887137,0.05961817256501978,0.1008575948836069,0.22170145228059684
50,689,0.4842135142800644,0.966737574672076,0.5280480287502093,0.4702638621486921,0.28681462876324737,0.5288972868833061
418,650,0.7793575447858054,0.8638485618518413,0.773347352606152,0.504269653093964,0.13717786234686447,0.7028361975546118
421,909,0.29259458984912357,0.5136986184699268,0.13698551501108047,0.7706516079598186,0.797601295557767,0.3963948360964875
400,112,0.8038827403088735,0.2541522881190068,0.7243908792157182,0.6402895622919548,0.532959625125667,0.6296521634842739
451,295,0.32807114256094116,0.6929752101992367,0.09748634939465461,0.8712586276009868,0.0028299367165864897,0.3729308147915178
120,984,0.8059905823855381,0.4348010845499275,0.9132506086268677,0.7829828786950916,0.5429036472281525,0.6766252450126325
489,569,0.08680044335072334,0.8033495334226994,0.6373101825116259,0.3658777838109468,0.482803684264951,0.45879470269768163
161,249,0.044397296910590134,0.9995181101809494,0.49330531268975586,0.6322214235246982,0.6430764029925051,0.6495198047909965
401,290,0.9976754473698223,0.3490826074898701,0.4847292546671642,0.7472865294551266,0.034844055486996095,0.5255343223092916
290,339,0.869457123234689,0.24440304347804775,0.1813620478449104,0.9568803691727449,0.03542579193304729,0.4705401464294513
389,554,0.8828475034662039,0.26738248879475823,0.3459173724546537,0.42235216262224584,0.34936810509535676,0.5345922152306282
314,285,0.9512799476066175,0.09334624568067196,0.7271236653171491,0.648281992311136,0.6885380961614872,0.574133549966473
321,622,0.43831630941448785,0.3940461965001554,0.5409436208543885,0.3926638352816342,0.6665580925886957,0.39773237166643405
308,445,0.2868355546801522,0.017425052716909306,0.5293062041002629,0.737828178869787,0.2782635792102547,0.2817356180237338
389,610,0.130024995017903,0.1143955574012756,0.1952458945455794,0.9119931713105572,0.2160675445628959,0.2682381756357392
369,155,0.5012091335384645,0.2716957472726703,0.690362311953684,0.9192260157195751,0.6831255973810627,0.5336504078631465
68,623,0.22004832047660783,0.15986277590948073,0.3920339010613503,0.15708751738751003,0.027112736133802606,0.19260733592339274
413,924,0.9355508567393197,0.7321590995007252,0.18275333843853414,0.20409659762087884,0.5567833316944547,0.6497213416655442
268,135,0.004003162442779096,0.10560479086790031,0.9437847515963292,0.7549294507897987,0.42409864204412706,0.3151496841799306
162,328,0.14319673774312158,0.8659941050245247,0.5067987468656051,0.6310098859424019,0.23908681793521014,0.4553435426794046
257,693,0.2464758530834268,0.22111450371095287,0.5280366475123655,0.9051072868549548,0.5202980893324648,0.3276921013747636
483,617,0.19895671159319506,0.10859061697156769,0.9813719102148061,0.3138005594155354,0.21716765662280302,0.36310020723507547
428,675,0.2257784365797103,0.010106644431258527,0.3664061371704934,0.8480208111462629,0.5643216055492423,0.32446709519125955
417,560,0.6560476050611784,0.7152050043221464,0.9430206845624496,0.6837758569838599,0.14897383622634341,0.6947201455520784
231,682,0.3275120783131492,0.256616745938542,0.69492536113548,0.19545631015659948,0.4056929120913563,0.32452964345147034
392,609,0.6150243819033733,0.5094986051377748,0.6330956327447999,0.12649436899563926,0.5104263353048053,0.5181201005610796
193,74,0.8902579336462912,0.11161604667215574,0.2344183019424806,0.7027236020086076,0.03170102804382746,0.3529690485349479
343,751,0.602556765525702,0.9852959232362493,0.05175567238779011,0.158461512724268,0.6107172404696143,0.53259054797941
320,447,0.6945327912863815,0.1253847390699553,0.4377838382851388,0.7943290397431482,0.7503152934975034,0.5933323915814325
125,52,0.3655032982213573,0.4119259266418782,0.010170961995725092,0.5570950401273173,0.9560735628110393,0.39774956416171026
133,409,0.15973846762270916,0.8516495023344659,0.07100251077038344,0.47686706246278976,0.2031263524644097,0.28489408592820115
31,435,0.3205840624499061,0.24488694848040682,0.595326755694373,0.27552903592141964,0.2086953672495787,0.3013255524247861
70,87,0.9642826487041081,0.2669717853461734,0.7244718330730274,0.9838455949248598,0.30483082422883734,0.5644836990183324
217,996,0.6218113844531371,0.8084995158907329,0.16794833192427694,0.7221671109105264,0.8907640374569055,0.5633006334627072
239,223,0.2775111194340152,0.2733396571920127,0.7325004126737739,0.778063647164877,0.4068571636928723,0.4704726193081511
83,331,0.45091526716210384,0.0028713110948129783,0.9497258265947518,0.7687109276653382,0.3017938130759549,0.3757635761011066
209,441,0.8355130374309944,0.4279137204899498,0.7431760807261967,0.5840155771765966,0.741180781879376,0.691462662014335
302,832,0.6684435707057735,0.01253520967847499,0.7847152195750329,0.9396988419588779,0.03799017757764245,0.46156546217302025
117,743,0.5606528407291682,0.9097922838293668,0.7007125802683718,0.5838215033826768,0.5488145113083064,0.6499143538096135
169,771,0.8851628766338411,0.6418132241792209,0.2247374404547512,0.5200455851041494,0.4501899910762607,0.6018502133006506
184,237,0.6724395722167903,0.5830142662212422,0.36088994215583603,0.27371044242286724,0.6248582107426558,0.49388012703783707
253,845,0.6427297307910954,0.2015895108623631,0.9492669627698173,0.28173591984167345,0.7310996734904125,0.6129504525559644
183,829,0.18976813721076813,0.6999461854286363,0.6612105789701187,0.7368839059820436,0.32498838554527143,0.4516787368157918
368,464,0.10638868301240778,0.6772546436783458,0.7890247339340722,0.3347674216396055,0.6364171860232425,0.4686561882472258
164,546,0.965142117057399,0.060463573925364944,0.9686946188446773,0.7287107451466779,0.5243287029609947,0.624650282056458
217,38,0.5988583701003527,0.8808465308105725,0.23143692051266573,0.952706758814825,0.1339678103902766,0.5959960534956943
190,760,0.4156834091464291,0.5794133629298055,0.3216866673265535,0.43930743677875883,0.8817262080096606,0.5373075674964607
92,960,0.5890208209102176,0.7924668810386102,0.6448016528344996,0.09732564287964196,0.7545901678308551,0.4956193282660203
343,473,0.06181196107171538,0.2629140721288442,0.024357473784007322,0.6665464813294362,0.9216541342290288,0.306758516191734
118,540,0.8221272739041068,0.12204779975345414,0.5712190773337057,0.009523031695485629,0.7204045914639995,0.41317729787420615
149,499,0.21664553556433597,0.7024495731867846,0.8086883795144988,0.7870035212722968,0.2448065604710764,0.5006989804573297
396,83,0.804546006317947,0.7938826862551621,0.6104433738241252,0.5256531170387184,0.43052622513598937,0.6736586926109348
474,620,0.5343784432636106,0.3860335336192914,0.29539328389611086,0.4897322040086549,0.386868425444869,0.40530114590413213
335,721,0.27657201365690276,0.02369227531631124,0.7241040833360617,0.5694421605776873,0.03582193263215616,0.32107395665089894
458,928,0.03020994824207046,0.8182540246538645,0.14603162467994557,0.5164085439347159,0.4105481529788867,0.39205972121635757
427,929,0.8158333553266057,0.20609390633044067,0.8947734692785168,0.32377727179602267,0.34556945399778305,0.5207680326746004
240,492,0.17646014146930666,0.3390319418974882,0.1009150310404554,0.2815089096792419,0.003923786200879853,0.14612864289644525
385,959,0.051805115639873445,0.6282310077771303,0.8634911337624348,0.41529746062389516,0.847123259091292,0.512097270632189
164,529,0.7558777308258808,0.09995471921130272,0.4978094277362325,0.8949092819155667,0.1438744250078532,0.38519937251226327
230,642,0.3500432223729788,0.07199576613846315,0.4286470034878018,0.135370459787843,0.500952167385264,0.27357228127125977
268,602,0.38933400559165,0.02570377157527426,0.5006617605754313,0.3247645966865833,0.7846778231340452,0.44094052149453283
480,998,0.24706758728071898,0.9166398602394554,0.2002063030929212,0.19230042794940438,0.6044813690998091,0.3779087217620399
424,737,0.8591784786968971,0.31138274426865564,0.4576855795588136,0.42713697673738193,0.1693512253826509,0.47824685910346115
245,120,0.29732952610653207,0.6606588151171319,0.8497198158986585,0.13349841912317117,0.6182111256651116,0.5007739949065524
326,72,0.21019256975102385,0.9892352490177422,0.800955242218799,0.7607956139022322,0.7575968944487361,0.760540121250424
101,410,0.3092497263361561,0.6694507935619435,0.16304853449132928,0.10346739258457471,0.8547645161441797,0.40441567953620033
402,516,0.20314957516739696,0.52509479585618,0.6734209781290618,0.6652620936172707,0.3186537597375312,0.4172364961945084
276,668,0.31765522080520747,0.5209199335172385,0.8568372649654253,0.26771032486902346,0.03392140053601933,0.37721499879117565
266,482,0.08293622286817304,0.3769171484555517,0.8197675886188093,0.4721899968576627,0.607948206442907,0.4219409925286666
383,515,0.15853002911945835,0.5997796559550853,0.4256324432971814,0.1999879617175414,0.22576851014390664,0.3500028368285697
316,921,0.4170528833961479,0.9587913895457043,0.04809284034611583,0.7302236794757191,0.7808950739445915,0.5202979171327745
37,335,0.8794668555898764,0.7880440336983101,0.9311694229737492,0.9482759892683243,0.6798817093661244,0.8933309450641397
144,494,0.057290746722285846,0.4242266170332375,0.39588511584806196,0.22174528739299593,0.7731868546759277,0.35412663759972174
89,557,0.21267470676003064,0.33244482903253325,0.36097663725634377,0.9531532077128283,0.9675312003214016,0.5021489109951633
367,468,0.9083456755415963,0.8835315296231214,0.759514944478813,0.325273801011434,0.5845473951485413,0.7490922869454505
18,968,0.8900146741599216,0.1357858256265938,0.26397221549202254,0.5578471670519016,0.9043135504101099,0.5573362675643028
101,962,0.6794508332959412,0.8495852569643018,0.834747923167292,0.7015899510855761,0.6418933824740444,0.7389693265992764
299,513,0.24047355409523796,0.25507676134233237,0.07605156081931563,0.19926861606519364,0.18174434619868407,0.27119415973889704
347,451,0.41981056105578574,0.7156292357759177,0.7407112007162109,0.44476393743262765,0.7993081795089588,0.6231785449421171
252,589,0.21122099443796505,0.80622058077483,0.9657894904415316,0.06782748066405009,0.6936986242137152,0.5693545807276156
430,181,0.12858850912520325,0.4769965172634726,0.9957687968741735,0.69705377602802,0.977939777674916,0.5504636857312575
459,426,0.3799983945138915,0.19228397614227433,0.9238043600641663,0.41661611972447843,0.24343198894074403,0.3992096131925205
66,217,0.5758216050703502,0.8447677434623754,0.8707624054063094,0.8916445326395909,0.3331255162839325,0.7091102829157011
476,144,0.35993267546480523,0.36750834505331476,0.2788802244577302,0.27399188857313794,0.8214910266023719,0.4472351496106216
307,96,0.6108245504659697,0.3206802604825193,0.9666483626297641,0.9236013243239269,0.06288959803358041,0.5243127700282989
318,587,0.29625473537930547,0.5100161823534396,0.9278965938143529,0.14103984468284503,0.6331997646149408,0.5173726979843541
48,1,0.3458505277607903,0.4350862411039177,0.5343725070251866,0.6069664660138833,0.5354760527328751,0.4696277490715292
311,646,0.7906735916446096,0.6830522170387242,0.4020776543936796,0.3078081798721789,0.16882187226755685,0.5624029372779319
363,432,0.878314730893858,0.13719780837266538,0.10926725355818823,0.18178161095328738,0.16512170926024317,0.2772189194642906
290,367,0.32203408153105206,0.43568965404787297,0.5906340778251248,0.09393717171916549,0.8101976212539794,0.40834617891077285
43,769,0.5715158013452762,0.891701811225204,0.7005459485221976,0.6556425588286899,0.015445155437674774,0.5340781861067485
262,539,0.27816228389226805,0.03606270943972545,0.403996583181529,0.23316793325924545,0.746841440309942,0.31025090986892073
468,733,0.05333464170742752,0.4573383331533264,0.40602956063053186,0.5728144120710477,0.7326672270044869,0.3336737446899285
361,709,0.737857181360408,0.6605319663852102,0.5733113907143038,0.9794187228352779,0.6496799763686545,0.6717342369647743
69,33,0.17100348323615033,0.8877110870419853,0.0277840959071618,0.31596182027953157,0.40951766308126614,0.31209544120737454
480,216,0.42571252374691715,0.5937862269331757,0.957865896386749,0.03494427771672881,0.028320683524207024,0.45531419657663263
479,570,0.4870454933791568,0.8244842712393285,0.2899057070967094,0.14282261439642052,0.8017766682930172,0.4885594388655772
85,975,0.18447158417910592,0.22269101895928645,0.1408908617688801,0.11932200941117077,0.1257072038064413,0.2078761059610602
400,155,0.09455535066339626,0.35280943622785954,0.005488396134590401,0.4632835272052358,0.28078748415970567,0.23007451731716017
203,106,0.3480130146710706,0.9421322739280427,0.8568915413857133,0.7446505696606273,0.9467829267912032,0.7353092412189354
297,941,0.9522859075503184,0.8859751130926863,0.8632073757996691,0.2964443857818584,0.3018610265161712,0.739647521769784
223,966,0.6151355899884214,0.5579529826887045,0.09530660451771011,0.14584277084384323,0.25513915039492163,0.2940610549007308
391,168,0.3814102284029025,0.47548833779484523,0.152241302888801,0.6407667663289269,0.9733705553784043,0.45091534221225327
498,402,0.03891082077421493,0.4510673914544585,0.44790223125776796,0.30118020884924246,0.08593220209566887,0.21895556436233854
397,627,0.6002732813910818,0.05878966156701604,0.1857041730663156,0.5751703493122327,0.16069038791734747,0.32590453840444317
465,196,0.09225764093537259,0.8923771039565669,0.7358211368367569,0.9337865596727519,0.43831751488178516,0.5880474372768664
473,326,0.5425440710475263,0.8181495084153355,0.058039745705722345,0.2913469549265262,0.7876731278415507,0.5424258453527758
45,395,0.7519505082717429,0.4562511447278671,0.5497093323858661,0.5124916144862686,0.8843589389432764,0.6966447228871105
127,641,0.42358534829478633,0.2794399727194734,0.3827915651139041,0.8068119136312163,0.7556357226827659,0.4391047487373671
361,308,0.2994114948165244,0.34292060642653055,0.46494648369225156,0.6917181124976282,0.9761750316028538,0.45365216871419894
295,412,0.0473842338175986,0.12316058587288947,0.42475711769560176,0.7514781747791858,0.016846142606958603,0.2595254904667135
26,290,0.024777875161596796,0.7217897413057226,0.15315918253465366,0.7725693748561002,0.6195065549914396,0.3970063748430731
48,759,0.4300265696455212,0.5566698565548577,0.22028148530856229,0.5399160203340431,0.11634620188493383,0.3713253273831168
260,153,0.8833452707029679,0.23410342282489494,0.06480769891042659,0.536062107902265,0.9103627406048701,0.6189776558248955
308,231,0.24406277879319038,0.6230055720776897,0.11528557529907124,0.7188895804484474,0.9353072073593923,0.49309890823508146
84,250,0.5740555057818213,0.9792302142549747,0.9778948224189149,0.6976482701135557,0.3030282177037976,0.7182950207522941
86,905,0.6843058196797618,0.1223951354761792,0.27978681167725195,0.6700576640296851,0.8277085351829984,0.44871269810647696
65,944,0.060829867501361434,0.45848501062532776,0.3070255393395642,0.3821346921426636,0.6302755753872982,0.39335575987620774
282,500,0.1531003758033771,0.4941588209221267,0.12710633043212105,0.8285426456048768,0.10048878448505816,0.30316851733569883
4,157,0.33127679341956706,0.16679721382380241,0.7551642044967515,0.2362028893708893,0.6027681593284442,0.4073765411944479
286,756,0.6700931741485705,0.5315802109973148,0.924142810187282,0.15573196635271225,0.9760570393576685,0.7145471409430321
238,492,0.4390351122280969,0.60597725854809,0.789750537066651,0.34516221911570155,0.3080940490057231,0.5658896778239092
233,849,0.7341950682182453,0.1573445388184953,0.6126158294341718,0.25383124040495597,0.0011407761460023869,0.4351655607438726
339,360,0.8675978655731925,0.1547238990088764,0.8132329156105762,0.6631825122031564,0.976791677203179,0.7186426991286818
261,998,0.7583722765985429,0.856348715633756,0.4042302329328584,0.23101785114996087,0.41398341745050315,0.6302129241522793
364,807,0.9922472073132491,0.31138743667004487,0.8594973550806875,0.6564898383508689,0.43093276784338286,0.7054539205607292
382,224,0.7543610687316497,0.630333387078631,0.798518849638182,0.5132227948407885,0.7126121170937385,0.6652276416227569
460,725,0.8521791950074505,0.6267730756752141,0.001724644256319019,0.15245006807525963,0.6043853871444242,0.6091124652323701
399,287,0.832366358465001,0.839170875582635,0.487794134917517,0.2583962641210229,0.301986612311989,0.5665152387280279
259,350,0.7302657622800466,0.7398946312315234,0.2646165760792262,0.5217267843032228,0.0999778786559673,0.5396149426613311
246,251,0.8018018166558906,0.8405764334382778,0.08623291636769548,0.7331053039236981,0.8273625199471958,0.5985077921053946
118,682,0.9346832278674102,0.6252147896506657,0.8461960427477748,0.39825164417467596,0.48337717634640254,0.7133731782500747
300,263,0.4752073785262926,0.449457160513994,0.007949684301122306,0.23283264217804,0.6724742936467212,0.35210616691801866
70,639,0.6382870239125435,0.3935665213130747,0.7301635020553603,0.2950782090937888,0.8605047001191455,0.6012817574075536
465,582,0.5149397215727727,0.37902976666143584,0.9881921209971861,0.09511718927339685,0.017722379285222356,0.47613574222463334
422,751,0.851036987192073,0.4183930979091578,0.4820197667062357,0.025149501090233062,0.8593852769426914,0.539919380476856
60,993,0.4313596028715073,0.12930925215377032,0.37124052994143464,0.9731293119968542,0.751795259756768,0.44459479730380347
393,9,0.8197267711447329,0.423958371003167,0.6058329544747134,0.09640993436591538,0.9468217499864638,0.6944221820465295
59,990,0.7993545750571388,0.38944490720262115,0.8046978276476722,0.12488734511065003,0.23359080526878373,0.4800212652736409
360,110,0.9618861013685905,0.03457166331823147,0.24025199377527884,0.8709640850796426,0.32242233719791746,0.43801621562473936
44,527,0.24892069925741878,0.27513075532634,0.2507014291535362,0.663505235719258,0.6614787426125196,0.40220925179908834
244,341,0.7096195098859123,0.7519069747402168,0.6071780140868468,0.4360725312453263,0.9257929886612333,0.7086521415542358
329,639,0.7569194976474862,0.5779455714096253,0.9398798208543053,0.6490234057258495,0.9926693614493907,0.780898697598735
364,722,0.9362784928046657,0.8061674967560302,0.29843997575876346,0.9349848235304102,0.416737650585681,0.7492376645576695
209,860,0.9069024180555311,0.5426880443807649,0.3767546632290131,0.09937731143570594,0.5392296757207439,0.5342124165694208
460,402,0.5735258617084483,0.8540837654752674,0.9933333014602895,0.24371102717533222,0.17055100761373154,0.6082323525281224
387,933,0.5791531858639798,0.7960670996017167,0.1762221652065158,0.8603004034707409,0.6939753672385983,0.5660014158104482
104,323,0.1672912284042294,0.09828457014224712,0.07696816837530407,0.780639345301107,0.8373704228929144,0.2764114903291611
335,204,0.9749627024237711,0.9770063680159924,0.5897552388806061,0.9942567215571908,0.7986493124444201,0.9408906237770166
365,379,0.25501746270342684,0.014747446901328787,0.024266988421632996,0.3139088150721925,0.3458430447561033,0.08325883166509598
167,529,0.7247362184512921,0.5968380379296185,0.1804332312748227,0.9448863971385452,0.9632640157139396,0.5819843227981987
369,668,0.7957950048053125,0.7925115093167623,0.622209180690468,0.34368883129500416,0.12034658703803136,0.5454449327294241
449,833,0.44121550461138104,0.33189413985090344,0.659512400691333,0.7150931911854932,0.4939700150961598,0.5629301854016784
408,225,0.211193720029058,0.5985697922971579,0.5104252496476197,0.8827429476215864,0.5545971301931053,0.4558294815686671
381,303,0.18896038421968675,0.3621225308474483,0.3837480462293833,0.17078209525836174,0.5365138570536546,0.3051899630032792
317,938,0.8564960009015917,0.0606149750075019,0.5761975844218483,0.2056386550352003,0.757890779678944,0.4408578344660375
135,440,0.5107564867485148,0.008461519089330904,0.6433857530332387,0.5809586480323466,0.6096072324772517,0.42043712427006136
397,242,0.0901369820382667,0.09486203011118832,0.8034820462916507,0.8438247700355141,0.07712943329417465,0.3507309894373831
182,985,0.7170194727628887,0.0984095941200468,0.7927508282098474,0.07894953522211168,0.17985165343674625,0.445778959952219
266,449,0.2501710528050296,0.6108897773937499,0.6648007655149478,0.8508808097559035,0.5322390206551036,0.5202646448018605
157,985,0.8763947507508792,0.5258652309625133,0.8942325832284657,0.34312052954509653,0.6945476010634188,0.6334811664530207
157,919,0.30957178602997526,0.45546330017314207,0.8380252535954188,0.4062266139725018,0.5141745322105782,0.4756936484348001
79,906,0.20027083009014313,0.6919214756024176,0.1332460082179402,0.33986109568755607,0.35550778344046474,0.35436883485235476
480,582,0.08485844355493433,0.016826137012448394,0.9566794413234834,0.9114799046076875,0.051134561745864504,0.2702268874552723
74,798,0.5115311366376475,0.2709834814157309,0.8917423023179204,0.13079432658283907,0.7858808993351112,0.5632597972662557
44,960,0.4507375878182873,0.7773927312876279,0.3209271795079598,0.5742744811763433,0.49719423989808864,0.5700149065035862
468,269,0.7513121446031429,0.9099771065171185,0.020184418607039456,0.14810808062579173,0.5387891305470927,0.5261215459435686
277,38,0.4646025871930364,0.4383365962375816,0.6039759467582875,0.9285946300948413,0.46895814026791616,0.5692549083072206
219,321,0.34381596892437105,0.08148398013846636,0.43841757686638805,0.7979313135356194,0.26534541574574666,0.32530726492642775
369,637,0.2616549156329441,0.798728739228488,0.7495666625861319,0.23381927426107785,0.2763734647440481,0.5502868382308873
192,547,0.2781467454699711,0.8851704332727336,0.5245997645086226,0.29777826808815355,0.06350078724999064,0.5506670627601172
64,81,0.927847901827814,0.41366027069371947,0.07649043525094679,0.3815153279626775,0.7075990162019328,0.4866756364018588
365,561,0.16507860208781233,0.24335525392027701,0.24468742025477586,0.4054176752954365,0.27187287313352193,0.27909679683427335
88,175,0.9881764245571502,0.04397166822294529,0.8825237561265296,0.8173428586320551,0.2985613481742777,0.6757173120456708
276,505,0.32691945519222476,0.591082821894856,0.0376896957150501,0.5645333553091904,0.9935001210028401,0.41032881783814484
474,576,0.08839023541749746,0.9098694905624992,0.736669669398287,0.42794931489172805,0.3858125558241988,0.4732291585974011
468,637,0.24869038078786498,0.6778880255203257,0.2919435079514323,0.7194446569363528,0.5106972077540088,0.42169801415200375
181,413,0.0584143795546187,0.31724859789473436,0.45263980304249707,0.45786487634380657,0.3864731007611816,0.28448281477032045
390,408,0.7900297691639159,0.6428883242899669,0.5310054319116085,0.12824001688479048,0.2901911132443754,0.5424664915680926
306,678,0.5125529125411055,0.8320684074480255,0.25008135730720105,0.10748918426952836,0.005850738246765408,0.41351154684699176
240,749,0.3369866188668009,0.4758300593494579,0.6519604429976628,0.32595667979517173,0.854886347775255,0.5531736256566511
70,807,0.6620496046315625,0.8197484899978386,0.6934422180978762,0.6028702376151721,0.4731536754400616,0.5787099364917223
188,334,0.6306465259503202,0.3919096766663541,0.0850594796707751,0.13484132764823442,0.719890303709417,0.3769562801250068
326,424,0.9398720892275902,0.34850567859577064,0.3739270758514206,0.5501341706974073,0.9586566916295705,0.6761817862121735
493,331,0.9612605167483796,0.582988625878554,0.7443773012062915,0.2696096448087335,0.0028313399537372996,0.6380252446403885
3,528,0.6806837756654053,0.46468641769448127,0.7216375598411319,0.6954134156082917,0.6750396068442571,0.5825744219772666
359,128,0.8178159272441685,0.9771119204610832,0.5446033439052391,0.02826270117637064,0.11864070403393867,0.6471509003074805
423,430,0.7924251003351785,0.5163894235281747,0.7776747798680141,0.469023431480573,0.4579650576825216,0.7043002915976244
475,189,0.4913035326998998,0.38517202891602154,0.10764489303984326,0.0522641490142326,0.846782080891449,0.39500544695880907
212,532,0.7044582880334169,0.39493354312853624,0.11821126784453007,0.3305077752753205,0.07149584898446826,0.3270902295330731
60,850,0.07825900768357019,0.5479399506131166,0.6574893002963448,0.015575144286879117,0.9896134848786343,0.4857077999938146
136,985,0.7580210831503069,0.3549120380081954,0.6933338678951289,0.4690987605779313,0.5808358281183631,0.674988629850258
425,446,0.9618330071923676,0.722906601964936,0.8145268553210703,0.7670158684780116,0.3949934589171552,0.7238255142265545
439,57,0.08497475312573843,0.3806629277016409,0.18103687777325705,0.10022003774594457,0.019510265335404342,0.17177668069018995
318,228,0.8361157845918545,0.3841443865252431,0.5167716594311051,0.7352226919940271,0.5868230781613851,0.6662786765630496
62,105,0.9329800266492713,0.6169732493768046,0.6608312971355824,0.5841952670923312,0.49489046400750536,0.7047246118246173
61,759,0.2261888898020621,0.06084687269600997,0.22369957382901506,0.5046052731360201,0.21531700217248884,0.12320156086949521
239,984,0.5248111876092038,0.6553549181151461,0.5169278655939907,0.5994832622802416,0.4904475335875007,0.5803540011357851
294,554,0.9278582254629885,0.5049722171586871,0.638445024390596,0.33589713172919555,0.012789264022986413,0.5188571977669101
17,177,0.9602260045229679,0.45302611428664163,0.21444951147768032,0.7103395537682894,0.9994776140287939,0.6016336997555342
343,22,0.12788238435231636,0.7192529907079513,0.3755634102501414,0.7796658419207723,0.3321144411656285,0.3346869958503428
272,976,0.34900422555545063,0.758255782004861,0.216338810135708,0.7782238655868774,0.4802221480611898,0.5469090486211423
7,317,0.6981446411508566,0.8462608634124593,0.9029429044285987,0.2694597893936884,0.7847781680504067,0.70452432728015
48,112,0.2215584993859303,0.37480312081744727,0.23679888192999177,0.6539070096898525,0.7127783435934174,0.3965023679265307
227,177,0.3247706286344808,0.3270376922533811,0.12083462598579697,0.1480957257452764,0.888559040702101,0.38039868705966184
361,255,0.023291060004693276,0.7143421014945195,0.035155311527143684,0.49541961359626707,0.9413257368665511,0.391435677060836
412,656,0.1535216809311989,0.5818048591404459,0.04495347241135017,0.0026292600595175797,0.18917783096636642,0.24396655319634647
216,891,0.5623294944177438,0.6318015463518166,0.19158623496681693,0.1935867590083411,0.3903998462257746,0.4619375391113158
148,275,0.6530900663041828,0.5555229071058353,0.6082085113069523,0.6317341158326056,0.6868169919623913,0.6295502936389931
484,687,0.6489118310958369,0.7726930232038545,0.017649874511122654,0.8743615052031294,0.04502427543041465,0.4475585961510131
229,65,0.7783604707782167,0.19004088849215317,0.28674392475714716,0.04902829858602431,0.7169449061792978,0.40834485598585035
158,11,0.41528141373879146,0.5557121327413967,0.05816689132329933,0.5585527921743301,0.004883440001247741,0.32648455358047035
221,55,0.2734907162411555,0.1581017889436298,0.40365877029916764,0.6367750201050305,0.9140884762675338,0.39678698721626987
7,923,0.015580700042524986,0.4072519392909919,0.04857673782985761,0.9323909811827462,0.7181694497416029,0.3386330446023208
151,582,0.2066298260523869,0.6639938234160748,0.607541776620828,0.6551437946449565,0.5654991724649827,0.5549175176864014
258,805,0.31238781220203726,0.4930716083141704,0.6884242655190153,0.10303270247073837,0.42890097230122515,0.446502782963689
459,22,0.17820685648046553,0.37959153667218126,0.7313375496437635,0.14674424254448049,0.9880247685464114,0.41696140462148934
369,23,0.020144471496602256,0.8849700014156061,0.22434339864625508,0.6357641288869977,0.7365117333594722,0.33714990368822295
390,848,0.15744760866519159,0.7728257144974784,0.8685001619617433,0.21561967676323268,0.8072929575138921,0.5183497946257166
272,103,0.6660995535675723,0.526290785000375,0.6902881673309265,0.9283054748772882,0.8253849902347975,0.6188739737331729
56,156,0.6295854164725958,0.9500531556754879,0.05665021929982039,0.9206872007858861,0.021874933287801657,0.49655030767433356
196,519,0.9356836393980424,0.42436528943499385,0.4407667087014271,0.9486558601572134,0.05468438506225981,0.5901318491367674
498,606,0.7981682913973093,0.788072927588106,0.7677564933724812,0.29295260781219334,0.19836498572011663,0.6532895520218862
23,229,0.5677561168411912,0.16793623980141792,0.31089392672022975,0.7169499079603164,0.6552175960870651,0.5373761914027597
439,445,0.13755634749321133,0.28579247711059697,0.3815587739072648,0.6630139069348495,0.6239491961994138,0.3730746260345719
342,675,0.5640718189251569,0.33808558133395483,0.6296038272965429,0.03560378133777209,0.32516355480357684,0.5274569819903931
142,443,0.061595060914180766,0.10582075270452329,0.0554808801158978,0.2655650763462797,0.9729987631744599,0.26429317478385794
389,383,0.4308848974108528,0.5018048150760679,0.9669350405079173,0.2067667296794684,0.0931066421281248,0.5370316875462736
418,72,0.39025862894719543,0.19226013412649567,0.17448101060972787,0.37080860173833996,0.7767201227715763,0.3356825893462506
22,452,0.42781380936294167,0.6341858894496586,0.026671999646260325,0.953053716545225,0.4808771196852435,0.4059364905413937
54,802,0.2798259183947872,0.1900923595730183,0.005322982040420254,0.8456016389583383,0.41883419997252813,0.25747276117144385
333,627,0.6858304476238237,0.12350625733927534,0.3995543749993957,0.2934245913682769,0.025564993194898467,0.3491203052040076
499,893,0.8409444672987795,0.9690867275989246,0.8842533654753777,0.5300315310993231,0.7277996416202209,0.8021708503371549
12,127,0.7685169925989775,0.6582403058111063,0.819762079217929,0.1922661215866619,0.7715755107669744,0.6439734076262255
333,12,0.6277520957908803,0.9364509147084885,0.912045798249695,0.27743399229593824,0.318957496788679,0.7012764254332589
69,548,0.5383447993330133,0.48988779199323196,0.533782319328899,0.06500324901488452,0.5169628705958457,0.4245067488449944
325,179,0.03108418000803037,0.033402463063374244,0.4487462338751643,0.6426065009168366,0.6064421232348624,0.18597748771427203
312,594,0.7229339986919212,0.5743711704314439,0.3858609761067945,0.6569207744963289,0.3676452428636199,0.5023797456210922
46,904,0.5449829395784974,0.5583288868357085,0.04641807579130586,0.8385016208034435,0.6155820061593616,0.4768304073318237
340,337,0.2707410506638869,0.014975605936593972,0.9095212563051536,0.8715518134272541,0.4341270594167477,0.3695987528113567
448,549,0.32784203885344165,0.8612420444018316,0.4961760922847275,0.1600593991937228,0.8780698554954017,0.549210264291193
431,682,0.9356067864697414,0.6199706806164247,0.45506743105151015,0.7430409461629872,0.7185132266906143,0.738791486189182
15,150,0.624362245117227,0.7446911693761461,0.5151674870141173,0.13470763282733234,0.11049998314356813,0.535282876379464
123,897,0.4759124346575283,0.4939211061575146,0.7941545181142005,0.3737150117458109,0.799603183658746,0.5493555938284047
121,203,0.6209217397084077,0.618402437908263,0.22447108598256393,0.5155365715592212,0.3375056313950089,0.4227537710993268
227,808,0.413742324985657,0.2574698932285242,0.7099006789949233,0.04946991408707602,0.9355684220320085,0.4469713880578613
72,660,0.4701822732030162,0.9737577677686472,0.7107697408540329,0.15676371154545432,0.6033712797780534,0.6656123756843042
427,141,0.2903092567076704,0.4007200075476651,0.8495527822581829,0.27111609999003816,0.02757796064079643,0.4328914508982057
388,725,0.4398533005916445,0.1623266213376291,0.008683598463870013,0.12754232963418932,0.7343627051010597,0.3148274999849202
404,197,0.6855922324379105,0.055915418374627324,0.17039554323513206,0.9340962722063331,0.1307343689710464,0.42682721808811763
99,599,0.03994192508646921,0.6361719330853711,0.4710468520447555,0.2883191880871163,0.8772674829572786,0.5121170784395067
8,959,0.7950274072961548,0.9833798511764558,0.8505403874614784,0.5011716645089137,0.9483303075574022,0.8226665786532813
455,953,0.28297954086131283,0.8957944968462817,0.965116861627984,0.9965342379256862,0.6952558530293419,0.7801358232418555
145,871,0.6825597934324997,0.7021045674864136,0.5948686146794013,0.5666426769312439,0.5328727767159439,0.6228355109981624
328,494,0.64272531468006,0.9905979289928608,0.21213397542302015,0.4114957749920847,0.6020630078329801,0.6653453352739959
454,559,0.6526280491413053,0.7228282620421065,0.18458469582464565,0.9297924059242851,0.4288551711959323,0.6061485591233038
19,300,0.6081289162558029,0.33925112340139596,0.6394439539862674,0.22249775536660854,0.08358278201459013,0.33107451840056157
3,921,0.9591018380695349,0.6012181330601731,0.2100691470594046,0.17950074083870793,0.9288434988343165,0.5890141562604634
3,477,0.5083441626953908,0.07976664248556153,0.5530874239208862,0.5353643690407835,0.32918653475444226,0.32491241551591166
79,771,0.7323191155153514,0.22168249022254083,0.8348119291439021,0.42730173783139014,0.31284777370040295,0.4426337312959261
26,360,0.7054493312345776,0.4175402359284922,0.38981964846209005,0.796986077315465,0.1913247758328236,0.5463468613211672
410,740,0.23626757727833037,0.20181849356304526,0.3784721897419292,0.04201004130436725,0.9924082488344622,0.4535301687342556
303,225,0.2833058391868256,0.9535010148281706,0.036140336891073765,0.6177258244112199,0.9425644372802915,0.5208686956395181
490,734,0.42401709815696786,0.9955975267446494,0.2540845784245549,0.7106791428978765,0.3494323698537579,0.593112029854334
400,46,0.27769793046320923,0.37093592012166543,0.6981914596192744,0.9719167608239669,0.2600053809449093,0.5261054002019043
481,105,0.3667430989299597,0.7092289860771986,0.36039124513219645,0.14576320023983547,0.8053695296823601,0.5052067597102023
120,352,0.39096061392830594,0.40777073066324054,0.15829891728992196,0.24624321870946764,0.4226100501961395,0.33764082645690197
144,482,0.603864560938344,0.1395092043862064,0.10576773376032711,0.9324432315692422,0.9677880500881427,0.4633183504131612
424,711,0.21989004273506163,0.33692684770210857,0.09505337815070891,0.6306288454833006,0.9012167296093352,0.39433273847616646
123,359,0.8042918658766873,0.2333716987156632,0.6591334331178952,0.038049032735511634,0.7594513422601925,0.5929144781797101
29,19,0.4375363567715046,0.32807822040741974,0.6126214787935487,0.07734400225577898,0.08992429011436687,0.38011804693670803
334,326,0.7062441116832469,0.21502168839771651,0.5185210056020849,0.7854405606276683,0.7021277365555003,0.5745692270617554
400,439,0.08144248124081788,0.1123451190582464,0.5003264481591394,0.5674744984564157,0.9872543868608756,0.35485977658301
484,544,0.4699653941243669,0.2174284293624129,0.15313685268787158,0.5654154816188739,0.37329253298376674,0.25886179797130116
463,644,0.02821953217732831,0.9057570318298428,0.5006042247600873,0.8798656433112854,0.8815690030493142,0.6001336967890322
60,248,0.6759099918155648,0.08522167577652873,0.05993777660037991,0.24109791937122826,0.4081418393461933,0.257165783667187
386,610,0.34371007699706957,0.3247566437552345,0.9258584586026879,0.16043098182201998,0.9713240007093817,0.5621848561513674
423,631,0.9492528141058286,0.5284498945026354,0.05802755400260684,0.6138059476220805,0.6535913715875568,0.6256999616579181
349,776,0.3241242146014194,0.3545126561783568,0.4235301948939185,0.8824230976538834,0.09650048291379276,0.31626724438171966
410,522,0.5638058980177268,0.5176070950188872,0.000571056403172232,0.26525064466761816,0.4790457387946232,0.36664964019637186
419,810,0.2573875756946147,0.04342006023435396,0.7861504387832445,0.681294364791352,0.04972875339771776,0.42696385258190195
223,222,0.6201126289473403,0.6485696333643778,0.16617018853563004,0.15237903185827417,0.3950757236861081,0.45193538457769705
21,711,0.4670423501332346,0.5634788015560602,0.9249160178216781,0.17190869582914892,0.9153812141410812,0.5594529769256722
228,46,0.3706282615056329,0.6809662658546916,0.04397774786056452,0.9015100578627374,0.23220219448136248,0.4552508914316058
101,103,0.20368934908017988,0.567257815827237,0.8207873345644269,0.11796499490637535,0.9505677780817237,0.48282663151798566
57,864,0.1115213439714553,0.4379035824256632,0.6566378128155882,0.024345536655194677,0.09992304463514046,0.19565667059905578
63,475,0.11987913395667327,0.35014154229408245,0.24973571888589052,0.7749404481107842,0.6648115470741713,0.3766505238122282
348,621,0.9990400175055532,0.2264351900997762,0.20241960923059488,0.36250954852518036,0.9656855561505012,0.5320776221086657
252,603,0.4123107268572347,0.5000677268066126,0.35767793337702236,0.39665855220213087,0.6541535737332509,0.4740940448255507
270,695,0.001929707873339459,0.026052452377506974,0.8284028831753549,0.7998575449081955,0.8990039537552831,0.3469744477404434
372,246,0.9529287906260143,0.32824082809932575,0.8619565483354555,0.17993579157734818,0.9910304746457977,0.7423385139478155
274,179,0.01997992422981265,0.6778722935645294,0.17528537952432577,0.6503269415210357,0.6418434360424641,0.38100325235371124
315,43,0.4185861255545337,0.10871703968635926,0.3534480396843307,0.3135283288376345,0.782263847290607,0.24267668605422155
43,864,0.7174775859706559,0.06289124231952858,0.23749138390225388,0.10426846064684414,0.031985193779737076,0.31278961531840405
425,224,0.9145992443717617,0.6521786052913653,0.1226428476378979,0.6874960489700879,0.4273103785190441,0.5803125894152954
224,575,0.712886291432101,0.39777472114235024,0.646449387528928,0.3186641345509361,0.2882653535049121,0.5885415438113741
78,455,0.4636257549000118,0.8018250365493811,0.3458710232355353,0.8666041042800707,0.8241853339971567,0.638766793232829
406,163,0.9744420389841034,0.9373113039713239,0.2253840447763341,0.9190356502319008,0.6775780125813058,0.8030854057413656
367,414,0.03931938303327043,0.957040453732577,0.8659977735019763,0.8490517619209528,0.6144142223801891,0.5657957525415981
27,84,0.986892202538008,0.4255928538941792,0.7483179309035665,0.3223517474354619,0.9315586878189176,0.6845950507911461
97,177,0.8493915517084389,0.2643272242750323,0.7737611486963425,0.23658262435965616,0.08886780508144232,0.511357467965712
8,140,0.9289300171263591,0.608613738742478,0.03919589118328015,0.8928006424077998,0.9538412722145726,0.6529970667934567
136,824,0.25477242409753664,0.6281929259282364,0.9151304492310662,0.45294698387646126,0.10076470716922103,0.5438159056310666
50,567,0.14245807228426977,0.6223449360758967,0.5747383779742352,0.7077397235580157,0.3470175468825175,0.428431982751115
355,925,0.6633152793727001,0.32177861371888117,0.5038028046845188,0.8271642014106343,0.6302736647971824,0.4962161805398885
261,436,0.51585943798612,0.06375173641730303,0.010585346027781162,0.2776866548678225,0.3414762038674761,0.21042388508818863
490,202,0.5231679607443794,0.21000483882559895,0.8976622104341047,0.11909742793479017,0.6825362782943656,0.5515267787848686
374,608,0.9246191784832176,0.15441942802223374,0.5438904704860006,0.6248275633432858,0.7754186191955664,0.595201386648241
306,929,0.6200809066532622,0.12390034578331022,0.8251534623405353,0.5901922557632251,0.8285058299413393,0.5542895625799485
255,533,0.3110638351045899,0.9262833210715731,0.6555109607382937,0.2702000726585758,0.17934370090399987,0.5629231138092764
28,18,0.40006655641787603,0.013847645973967926,0.7966936135108804,0.5847067213853422,0.1820766961888466,0.322864618244615
36,304,0.13349583509185126,0.6018577392363217,0.6929317485578024,0.7903572544783429,0.0523140279289096,0.30422354976400046
308,925,0.19231404027568932,0.9474737957401368,0.9209639023358267,0.3500109823441274,0.49085183890682627,0.544740983237511
3,518,0.1433500702095385,0.3600531274941279,0.2254841863395497,0.2423177189255722,0.13753361884598403,0.23508140935107533
22,951,0.8102913412113545,0.5270980891724625,0.20210010473290718,0.7250012136095562,0.3185969913871113,0.5230960396552212
110,509,0.7048734679721188,0.6957836634751596,0.712541561945122,0.7858720166817947,0.8404343192832971,0.6545471372059023
442,13,0.5303450176108518,0.31716969465823885,0.501394800583469,0.9542894378689203,0.9486589427176836,0.627205650826631
230,873,0.37436783362757076,0.47765198770724915,0.59916117033487,0.14758582291747113,0.8220759473470115,0.49780040278007875
355,763,0.6684942903243505,0.817102850332752,0.708542469191227,0.8892641018881947,0.0006483831624555236,0.655006895917601
206,715,0.812905347695761,0.7453556652802635,0.5474281970000026,0.7650988111899024,0.568024241338772,0.7223901903377693
87,970,0.881233215671709,0.8084494114928407,0.7876934476661962,0.7018999079308879,0.16666012956693788,0.6542838050435968
186,196,0.5470162282063336,0.987340163627656,0.31886735593585247,0.31305362919037816,0.37574691120675774,0.5775247259775105
46,905,0.8198851218197009,0.370327474936179,0.8589904435996921,0.02219295118815412,0.4279189441451754,0.6221253199005855
385,233,0.511305953412695,0.7470912629357731,0.10767635292560074,0.5075504941194423,0.9429407578120377,0.6109115469451545
92,970,0.47453008918789086,0.6027845671019829,0.6340039769611868,0.2857693764857162,0.6337387318906241,0.5795568776069132
188,192,0.8654318556221002,0.6666047672211963,0.8901325075267976,0.2898210189266912,0.2676550519801758,0.6990940926165854
490,550,0.386373936264664,0.7398739048329345,0.25269412790170465,0.9271385771926535,0.6427948406334395,0.4536815032437343
296,789,0.39591267904070226,0.7497313169463148,0.32683467492391294,0.15296889205320918,0.9518654775539227,0.5289035461331077
229,79,0.30491134528491615,0.8857451492948196,0.3054417784927389,0.9342323795905538,0.05915912409208668,0.4284664357087736
271,67,0.5187017282946167,0.3493216752360554,0.5642637117750338,0.50380671001074,0.8159876678426242,0.5926808949271912
392,849,0.5448500336894607,0.6534813561119106,0.4128718155651485,0.8382792760609368,0.21689755571413916,0.5822812478299126
127,61,0.660461145310457,0.28029043159685585,0.10795928499490237,0.2835875714419104,0.153107952063957,0.29360131790910643
318,614,0.4305023101095705,0.5945687051169751,0.89128722175646,0.6339206640847351,0.8988669186734501,0.6519735086875973
436,938,0.21783729188359935,0.7511751401719279,0.20467662915867413,0.5565883957234168,0.001849456997897292,0.36244202873717823
286,615,0.8668420624138758,0.7910010861616403,0.5340800109885296,0.9241660894178338,0.7410857403728923,0.8132379253344477
223,481,0.3460008672380144,0.42012450298912274,0.5948048959372615,0.17929842684242103,0.08722840988938807,0.2750255567804149
73,417,0.9229434198401747,0.5087202232013598,0.0407518436475417,0.20456988974247958,0.6179952950406163,0.41488861802035953
124,638,0.20735333302645576,0.33384985117017285,0.09571232765433724,0.9489643994535446,0.6208969013905683,0.3547493289273282
473,572,0.5600574762362305,0.1690363465396305,0.9716897104295517,0.09796462078610502,0.8627760494914616,0.4172562999752453
271,502,0.5366150935294522,0.2605174051925322,0.6645123401493824,0.6346824690439964,0.8226064972295486,0.5538041893662803
151,154,0.8286478479269953,0.9121370048998244,0.03356517704642692,0.060564113215253124,0.6851643430860379,0.6217830924759081
209,663,0.13885138675082975,0.30896954240931596,0.7941992206529987,0.07699080812060333,0.380547590420932,0.40432286054976646
289,740,0.9099371729174613,0.9747593335456102,0.5085428092774855,0.5971487429017218,0.16640574704757016,0.6719268709016462
269,709,0.5314281721720702,0.24147808521538172,0.07519957207847561,0.5513679621540587,0.6356829260992847,0.393386204808218
350,75,0.5861093839143664,0.7230710874810448,0.6807520980477912,0.5730261987535927,0.4969697987079126,0.6571745883186918
129,703,0.5101662932977671,0.5739032935718357,0.4993518058684685,0.4736520965499429,0.07794226228138745,0.3966666211324673
324,730,0.03602490683626647,0.6968700495247986,0.20491980111092323,0.7423593405816048,0.9555618904688526,0.4893465521703325
221,184,0.4970906618065981,0.643957946609181,0.8777022720888196,0.9921885363648986,0.3144195199118123,0.6457560374966829
470,849,0.26354966267699054,0.7067485835975892,0.29137985830025415,0.2757812463903556,0.0021407649923053107,0.31165493921513615
79,524,0.34268818037783144,0.905547048435459,0.2845566354533078,0.32343966731494844,0.9016903038374416,0.5607710842312665
75,472,0.6491015991871399,0.5634694960624814,0.27277358179227873,0.3230495423432147,0.5770508798706664,0.5020484320861526
231,723,0.49769712947410594,0.06784878290399521,0.7674557770890512,0.7632689463058524,0.7330606735503175,0.5450521831615669
254,510,0.09321821266746044,0.27082543444689955,0.7061186703805321,0.34801550112372814,0.15266624029538478,0.2765740381374034
345,545,0.07304127476175892,0.7082189804087639,0.9031456854703575,0.6767370675826506,0.40460567402604186,0.5193153471559044
202,312,0.18565769561737033,0.49407462797567336,0.22933921958427972,0.44588755701192884,0.6450612298137465,0.33538516886157455
456,927,0.19088514657222366,0.5485519826196869,0.7863645955428084,0.6078046670230125,0.25096470816317695,0.40320948972734166
237,969,0.6083007569713649,0.5965804553802915,0.573045576528096,0.8290153728048992,0.7014989451841578,0.6429474748957075
65,131,0.1778144640455428,0.38262927298456995,0.30867960965266783,0.5140586875542057,0.23361492267387574,0.2523473031959123
60,733,0.8817194232747706,0.7738955250878552,0.03545413240775064,0.47517320084670556,0.20912782713987277,0.5839960434640377
486,24,0.20976066061341314,0.7235348838965485,0.8189475498511101,0.266974583605303,0.01162465026038284,0.46565421163682696
67,369,0.09113144542638263,0.7142994121931139,0.24107137151335634,0.5159045818197838,0.28190674535330673,0.3097493081466446
473,970,0.8757460163596469,0.7153101740349447,0.6317430362149195,0.2624122729096039,0.24673679202981835,0.6418407233487063
139,175,0.295327576076733,0.8903580016542478,0.5488679360598125,0.8435702057179587,0.7643565566803482,0.5814868695056916
47,377,0.4254226298337358,0.5953927794432744,0.004449538646783879,0.38886402686158383,0.5697099061679207,0.3214921398615588
153,220,0.9590263840124423,0.9670721994969583,0.9943436299397624,0.12910763183495388,0.1778244837320565,0.7380678684368767
307,728,0.9443692191577738,0.1191926843906379,0.8143293558001288,0.23996752792636,0.5681274709488372,0.5826748399763435
214,464,0.7149168892649178,0.6319589765938644,0.48647127063668205,0.5345814674672562,0.22544359057477092,0.5831041866338957
393,593,0.06893895173255471,0.7169265459357955,0.6803413702423831,0.9162875158297524,0.4255022800541953,0.49890968616681336
305,942,0.5933401254113975,0.4772204109543595,0.4765942365907726,0.30056149857477965,0.8882080617195464,0.601297077546985
200,521,0.9890779350422578,0.28820838645693647,0.7445862712787308,0.2643862040993116,0.7192562195164937,0.6029614761492341
317,734,0.9469162284239805,0.550037452711099,0.13432854581889409,0.40655983481013536,0.651100016701223,0.5679360074593367
485,98,0.10600249251994287,0.3647476802907027,0.4463509952340303,0.9677544782921464,0.28148344932213887,0.4334741671913164
206,216,0.39596730309036865,0.9091240710678165,0.33553717707286,0.8452196744613539,0.1245816648965784,0.4198338586417176
77,946,0.3155367459028393,0.3567924125332549,0.45965524349403486,0.14966795107469155,0.7529489842999344,0.3811016030591321
204,859,0.12972810690490555,0.17570699270212908,0.4504726528603642,0.6137532871002641,0.5678903845477898,0.26592389982313924
420,657,0.6947983112487609,0.5763891401654528,0.14309394977919432,0.7918642033440346,0.6227601698242372,0.5439860939671655
109,378,0.27384836436023674,0.39599259138036935,0.9764885707090291,0.7680103413702376,0.9751133193791509,0.5777960289670598
474,200,0.3448658031252978,0.09589814480084102,0.01549214278812805,0.4888454917546158,0.3483209201672045,0.2617731648004716
294,851,0.09035887670141796,0.5648423509979084,0.010072944817398843,0.7318313856740422,0.8007475292041538,0.37640414064188477
301,785,0.4979675587786656,0.5378464111657014,0.3734413185336578,0.5835866105929837,0.5589568408722299,0.43546144272637544
159,242,0.15816786365205648,0.1731970866331951,0.6203763493468175,0.2014449828522027,0.23525994592694244,0.24085028713858653
460,590,0.4320904235794891,0.5976381689598429,0.17965322681492824,0.05605364063650864,0.05288833198659171,0.3285000760821484
18,619,0.1433422221033015,0.567358973857489,0.533194003904161,0.3694996800503372,0.6160108919889606,0.4578018568815234
150,477,0.9538498899501457,0.773612623041591,0.7227719679634789,0.06193900194753987,0.29761613637757334,0.7965966512235236
209,926,0.1449825331971426,0.36156992984263436,0.09406060904015112,0.3950134039208921,0.6954783464808746,0.33166224603982286
239,124,0.5218871538506332,0.2487595236636393,0.9844224080159334,0.8288790015707599,0.700727161738402,0.5530124870646485
237,258,0.1969798253189875,0.9512198869707755,0.3367006477392943,0.8442941484035814,0.4554604678193276,0.5122952711295464
74,95,0.07636180347260924,0.5612175227827881,0.642415413787249,0.034073921340017854,0.5363971168395979,0.38461177390656154
113,693,0.20230861884209816,0.027139958884180304,0.1107198581865757,0.06953546750949413,0.6265468576679076,0.16458757889494915
48,644,0.05477410739043609,0.8207116841117432,0.7094863887213264,0.6698670875912447,0.46860494380007456,0.5242977716151948
286,987,0.13939738312098882,0.19675806091894077,0.840456347062486,0.49999869494219984,0.877370605949072,0.32713660554508545
176,542,0.49348415776321697,0.7860363176458435,0.10528514233062236,0.14935839273039087,0.07593457524976144,0.41959486183345374
283,151,0.6518155210575742,0.7051624271559648,0.12586315437006623,0.8055296177320932,0.9798181594307654,0.6007142085465772
295,451,0.08733981507178346,0.9688137242631573,0.2810474143872277,0.2164961627064219,0.03345091140828127,0.34579684986187803
351,89,0.4410186239042685,0.9655793015945262,0.011935815375329284,0.07814925469571077,0.2080963558963842,0.48840310145033167
273,671,0.581247022853352,0.27441062465575994,0.9860512943372298,0.7495071381000086,0.7083078546543606,0.5583080551151004
324,674,0.2342256762110615,0.7664495812234184,0.5983840749526497,0.608125974631964,0.08496025934161089,0.4687495134543326
293,857,0.3720784115160254,0.31685508577992394,0.6075894499635455,0.3944427387313236,0.2621727531502741,0.43082145068849353
326,340,0.07183486973360864,0.6291979388295943,0.958962169651636,0.6927262037835346,0.15397667904887735,0.4715283247078085
308,310,0.2201310802330949,0.5977460849545931,0.8320292543194271,0.9113806886912028,0.7235715638162128,0.5008458843380055
158,72,0.46675292591894,0.05454351562116466,0.8142429309683494,0.034182442766647725,0.578933391310145,0.47428842721289594
123,415,0.9904421789253223,0.005181749835357574,0.33950236990162563,0.6276794376753354,0.06447861179206271,0.4282005981327863
393,475,0.9962650629391334,0.05776401459480951,0.33486339346464544,0.2181672970155598,0.46013423540160703,0.44475302373126707
172,754,0.9796216811242879,0.1279420475317411,0.29173795981264683,0.47413775994138385,0.20850292801604553,0.44738467926965025
275,754,0.4230863863003276,0.2576524913477737,0.3466957617763199,0.4239811288833696,0.9676985979824018,0.4291237741177237
99,141,0.08068037841466502,0.9069552232425624,0.36950876135985056,0.38997966783452975,0.10791794730905191,0.32052134684933214
216,285,0.3235734372493335,0.5186326753466863,0.14000368898059334,0.19035610024746197,0.5980551753640352,0.3717223534408077
265,511,0.23771437537097728,0.7968917388407887,0.35594786270209355,0.8026499364449822,0.4818472358468181,0.46440724848772996
313,335,0.014126574909854583,0.8383117521072081,0.4467470352447276,0.37952058492770024,0.5780844969983808,0.4613744641987225
263,26,0.0952336102883754,0.7349430985905412,0.30934733874665854,0.8871962609364799,0.956492850706147,0.5322486538638086
180,845,0.4531919350490661,0.39138512442057194,0.1653469681575478,0.35466827294649084,0.3412818778164861,0.43481583480668484
480,731,0.339662463804297,0.8638593938409828,0.37341039817849764,0.8397133446791534,0.7487663732110786,0.5782503005181774
256,520,0.18035372163448304,0.7420497533209206,0.48090777321643585,0.5444663315246878,0.4474664771755136,0.41720422664041723
404,318,0.7160999706587471,0.7431514434050525,0.7207283866671284,0.38562523485979217,0.6607616147255355,0.6089531783194867
368,842,0.35711559589661857,0.9015743271655693,0.7112377614746703,0.704032214597996,0.3656575463045776,0.7096948355645389
279,36,0.8518678557465443,0.5986634724576837,0.2026950310833242,0.7866546246034223,0.22712220525231563,0.5916044241290452
443,446,0.24097716026311733,0.5285744299621766,0.036655395168237126,0.4826907902744818,0.08361635937751744,0.23795837147821303
65,801,0.5383934900866247,0.8901625575970753,0.30379952180706926,0.4254204283835368,0.10175125132087781,0.5872810757865122
460,953,0.18413921714918247,0.45446172816419683,0.1571363048589508,0.5774189703723221,0.9594303187635166,0.46974902220365544
425,252,0.495300616385842,0.8115706960288429,0.39578847921569404,0.5851633785057182,0.7884566196747949,0.5398615104451363
252,651,0.1524665089783862,0.05384636044480773,0.9793461191526043,0.4254792158546874,0.24495924997100726,0.2966888319621599
366,190,0.16157862437152193,0.001289944456322134,0.18107137090522096,0.7576628784426377,0.5291472368374629,0.233532478718446
260,116,0.6122233770420157,0.5282924896043568,0.31887394342296893,0.3997214477538079,0.7142327243500672,0.47311772282608044
135,353,0.26378604217576673,0.07361189381638022,0.7251143163195723,0.45299834288249274,0.3525379020024927,0.33591319581382
400,885,0.1723672265642473,0.9765430134530636,0.5091827828619216,0.6053182242795124,0.4399880581597845,0.5598106063788326
123,689,0.9297682501350731,0.005501174039798773,0.043928143573384926,0.9868489019306647,0.7183819195727064,0.4268705324780063
157,489,0.04300325074005107,0.7181496364986464,0.16169001816132167,0.260686111014103,0.2274543147531337,0.2996131736920185
260,283,0.5651481126958872,0.24338469578622068,0.9352495547731959,0.23195279991152484,0.526344358466658,0.578012351242747
418,142,0.5482638418332653,0.9675520052720562,0.10316499273902846,0.1768872665129827,0.21008817168623228,0.49621311678355856
192,271,0.2506088744030598,0.38154165062789613,0.6350927872097057,0.6894442143081335,0.0030776010155260103,0.36321187626397083
247,153,0.4527717451128178,0.02728342626386515,0.7923256488409115,0.4490946374184077,0.690263735565004,0.41616144596577254
21,187,0.08773778308263547,0.02693576540878273,0.2654390627249239,0.38860634007427475,0.7072648596212424,0.2726355453775525
58,687,0.7212701459238856,0.5533733717246886,0.7250780031386901,0.20409037414886866,0.9957226985969202,0.610661423938099
28,133,0.2216971483768232,0.9867119790312812,0.16989517903018025,0.8911383774033383,0.18101544439479955,0.4755719200312131
36,48,0.1933853598265559,0.9797735350457194,0.28475027483379034,0.4431730352223858,0.73958032506574,0.5164391856109201
434,542,0.31487847827750304,0.3372729722892658,0.31182203088420746,0.607693311486329,0.9479674243626378,0.5003911888459229
421,287,0.902369920263142,0.48270364918889697,0.9964349905642236,0.11252957829252841,0.6445803368111058,0.6694764567864858
411,455,0.7964666482835426,0.1004558057978161,0.2145722952179573,0.10797221668490109,0.9631405604700852,0.4373499201224553
28,140,0.9468922911337576,0.5221768559917317,0.129207464633585,0.06735454166399579,0.9944409852777842,0.5342617526912732
39,210,0.6519623460330854,0.5997015990482731,0.9256914374814104,0.36734608083829356,0.8016244017715392,0.7094948731478566
141,441,0.6629215110320876,0.25106166561132104,0.16193069382035274,0.4728866021919116,0.9992859087058765,0.4700187628499872
283,690,0.48003099942621696,0.6121144359151738,0.8792799196294053,0.24457814944923684,0.6258244593077614,0.548121677710135
167,414,0.9051863233669755,0.8996927516962538,0.65045662764669,0.3496775058773096,0.4970556926136773,0.6977557016094126
244,542,0.510877149270329,0.0009553334234805311,0.5768614980705188,0.006260034023769734,0.917636254370219,0.4340009941321278
87,522,0.35506007079502466,0.22893377430794448,0.7513387115465768,0.3510884652613948,0.830955841433985,0.41862340487989297
365,269,0.6403750099176652,0.20991956332393813,0.7259989571480501,0.11917133483084752,0.11011207334373563,0.36751783147155503
157,280,0.5461394934009635,0.12388620303382702,0.11052618941831371,0.12838447837388955,0.3027226467987649,0.3199835527954814
34,426,0.12401981530989548,0.16610121273710188,0.9994661104066891,0.004506097560003308,0.26064512042998556,0.30986581888760645
371,33,0.39272541391242954,0.6259125453653877,0.9418897264487286,0.6963805660651069,0.8552616593777087,0.7083732656172038
451,685,0.31332541109448,0.10269439015064263,0.8965919628619162,0.931283774049384,0.2332453543068037,0.4091370032238886
8,614,0.8468337750111318,0.7385316090207217,0.6222891339424068,0.6215455608521572,0.304044772474095,0.6708458385334995
218,306,0.37884255697310876,0.8870225905583834,0.5227913313323141,0.09620205192790965,0.5187886542957384,0.5352201479319539
413,374,0.8215552326388926,0.926587724178369,0.5362785838816683,0.9896494493925041,0.07611948671376045,0.7651163989162493
353,329,0.44238959390094557,0.6601758143197008,0.01493694422823244,0.9755851708765133,0.9612296426379177,0.6077848253897079
428,651,0.75350056344561,0.19739641063361602,0.49946950194544293,0.46823453565748874,0.4910627765359058,0.5534378940369271
208,759,0.13528192851118992,0.08529657553990788,0.6237695676599199,0.10786921840629593,0.1904337240292413,0.19457367291856412
186,109,0.9246502196584624,0.2320249538069996,0.6587062087749485,0.7207393096472045,0.2708207378237415,0.5304981092733991
354,413,0.48055989079891825,0.9619571857850425,0.332139465051313,0.9614682044834372,0.7980837470871617,0.7049841123606619
77,14,0.2597982456263064,0.9623452017507121,0.4712823502935495,0.7786996041386927,0.6340064801784223,0.6545911617399532
120,452,0.24148960636480687,0.38191888391834206,0.6363106066625744,0.624202854570981,0.4646260242233954,0.4854438499180867
300,249,0.2650772885749719,0.3257915410975506,0.4283055102751817,0.6108319023710771,0.33160136738801504,0.3581080321138965
334,336,0.36672417291796766,0.5100105822590654,0.9621351989835252,0.9779181142056288,0.9006843630088608,0.6992318303524611
60,457,0.7175195326756167,0.2916880914674007,0.7054421098520003,0.07311933681976945,0.7725645402921796,0.5897323020199956
254,324,0.9496030429007936,0.9796624516555633,0.001273746250890495,0.14955601959062614,0.7181120373498618,0.6601708221648191
183,394,0.6690374301236321,0.2212213900245774,0.023279481482253006,0.8308114447396812,0.44600050461723306,0.42027237424308767
251,765,0.5471662709441008,0.3691426821827686,0.6903002034683744,0.145113080319759,0.9811601507598122,0.5610906900086853
479,810,0.44859780801713467,0.4293708757001783,0.4126450975455027,0.3832964869290296,0.7100702967863061,0.4298864473861892
39,6,0.8281944670376165,0.12506402308116216,0.8394709492122663,0.28149925605475035,0.42362472498665893,0.5050095481997049
497,378,0.8496572024460699,0.38282482677012986,0.17301540948626204,0.24344471644039323,0.9605520437314566,0.5185592094518818
225,847,0.2930376744328186,0.8567307201019734,0.013826914052291861,0.025721951108426677,0.8957249965310168,0.3618284709171672
386,530,0.9534202486534301,0.14036100145675845,0.3880823501137123,0.5662512635348111,0.7399651935443334,0.5734956967355128
212,206,0.3951153632063821,0.5840219508261872,0.736064104307449,0.4012395208334609,0.7669961216200817,0.5648976192144316
156,593,0.8000780691915278,0.4066371380600168,0.9717277333775686,0.5515902126370112,0.423627499693905,0.6928296049499483
385,145,0.9668198780822334,0.17053672611745474,0.8836538793510554,0.30450820649750365,0.5073505036301726,0.6790001811674766
344,22,0.7036581008556112,0.012336164449205822,0.48407461193713885,0.9414608550542626,0.19154733903684296,0.5000892983596917
72,632,0.16155072645119373,0.2733433034899002,0.8128172831963666,0.5913471922415274,0.5953962455338484,0.4987319294168241
352,515,0.5861369551739308,0.06182896069800192,0.07033045786761405,0.9612070465322669,0.36991654835907206,0.3191185538428396
376,756,0.11877712309557842,0.3767684712967352,0.5722723475848833,0.35000595425865866,0.34743832557035315,0.2597981046318947
194,345,0.7891420398689263,0.8102098556993457,0.9242984130144701,0.0022895373463220903,0.9482282011380659,0.813155121297022
462,854,0.28131517387388294,0.7196852608776124,0.39638514749073994,0.7812655649624406,0.16478343318399735,0.5155436402636047
320,421,0.6952148230600186,0.9473837117017669,0.9601006296631156,0.8273788545606422,0.8299735840935467,0.922464046206688
167,738,0.9100896741301989,0.42701541733706916,0.2206850967291053,0.058703397200336016,0.2814685710080941,0.49625821177501445
6,101,0.1810098506701724,0.7078013985918528,0.10563380953339352,0.625369228462319,0.028655629020025497,0.21938013657474797
337,98,0.39285783860116674,0.6653417221020202,0.5247623360817011,0.6610178670401202,0.040463079828827464,0.47959697117221106
105,783,0.6471187880735663,0.21704630315825957,0.9072468719812243,0.1457338670475653,0.42917749258587157,0.5365686405959874
378,834,0.41965859280950113,0.3035825052326585,0.3112792187447442,0.5525245528525812,0.4544609061484737,0.45007439017042244
263,942,0.17481894162471523,0.5298295333977603,0.8001603193989524,0.24319888067994366,0.32025112844434855,0.4887741217504534
233,325,0.029071614168797,0.7966573190059218,0.16919726588028094,0.016451703204516166,0.668779605564366,0.38916904850254896
82,23,0.4065981437019629,0.4618127344629326,0.7455703960009396,0.8669110903761178,0.48534277849274976,0.5166752868232414
356,979,0.6492090265819204,0.22774153617552728,0.557026941387431,0.4916951712264641,0.07411306633115688,0.3719340916406312
83,601,0.5739842081524886,0.9934656902803698,0.17501697539437222,0.7816991009107112,0.34807119491327554,0.6126437270135913
209,247,0.15624123976064241,0.11557880635366846,0.7180872494376086,0.7228930322291087,0.10196273384990395,0.2673474811832498
418,764,0.45069344386738663,0.9558889074913278,0.7137561134564273,0.993705261014529,0.06291569389024199,0.6994962182514411
460,903,0.3694710461812528,0.8090462884304888,0.5154352291434403,0.4379534039011932,0.20830662499744212,0.4060033190628257
494,285,0.27420240229339987,0.8388935193078518,0.22546763764267463,0.4275506067571776,0.700575461161567,0.513263338513204
479,769,0.7292712438603892,0.7949175830914994,0.13229389224499655,0.2817555670511702,0.6960016457257276,0.5925220996810915
278,787,0.30965203002718433,0.208170941304622,0.9572550484597893,0.6251472134032147,0.8613891271035612,0.5177741110555663
101,502,0.5401419523330292,0.6325823773952418,0.6558125382591552,0.4861125005552842,0.7564192924904063,0.5671690179144024
419,632,0.9232235352696165,0.7567498124509318,0.809241483573384,0.7287611221416688,0.535495687261146,0.6781144605894802
401,270,0.5392759822535824,0.7456857921016514,0.6969705290502416,0.35651169844142727,0.3126120880092609,0.5435698972534336
495,929,0.6170229101605608,0.2715653705440776,0.8294736651922889,0.1308447416093259,0.005811495167750702,0.40715498809704137
325,983,0.0732459861675514,0.18111938776368142,0.16249081974892343,0.8624354521194542,0.6471374812877945,0.3386528070885078
71,981,0.1781341437417363,0.3281229839145492,0.4969502245470444,0.8280469419646846,0.2897131876148469,0.3219799244352563
251,737,0.10095119929811347,0.4798444803773918,0.6671247705022934,0.3510001871157442,0.25010010172791797,0.3789249986331924
224,43,0.7648129483558401,0.5737807470636765,0.10338989989521796,0.6903517175119992,0.9748255407742065,0.5442140639469559
421,367,0.8359210809168424,0.8369503623191604,0.1499569493284083,0.4924029062756118,0.1742401924062511,0.5893940339132028
196,445,0.18645529319457765,0.769034227704616,0.6339825942509465,0.7609720971311001,0.03243473984939693,0.3440690668160028
164,959,0.21927175092309104,0.6761505256665161,0.86870580425382,0.3901323686645124,0.9493903951921164,0.6947469225861238
40,547,0.3232072894927829,0.2634892929427606,0.6604161789415977,0.5356392353912296,0.3060067220564344,0.3873293013795401
417,536,0.5910776169538354,0.47888049893494333,0.036204813456075624,0.05781610406474724,0.39342005062065044,0.22935395429072344
377,147,0.6217961938000195,0.33543587412796105,0.970432917090323,0.17490998158808135,0.08093490394342173,0.45822817006238825
21,793,0.6867539585414576,0.23492817955053413,0.13950690090624507,0.781765607775103,0.404065214453321,0.38766284392253486
217,336,0.9051927562134626,0.010245360383479452,0.23256223355248973,0.38156548217287745,0.9722212907685502,0.47183044890966175
240,92,0.29504014049653815,0.3394619705706906,0.9749672819047243,0.035105424229590176,0.6940197178380764,0.4577524214813073
235,987,0.6587589892067757,0.2561162677146215,0.7710329966533749,0.16763628571194666,0.47382484483319964,0.4705698606512581
459,190,0.5597228457776922,0.5719023269668166,0.9365766803785066,0.4115980320856145,0.307471646012353,0.5446677178077168
76,17,0.3058372404125671,0.0623017702837122,0.8066196928080297,0.7179131070167719,0.36604395928104194,0.3374143102501954
153,78,0.9074151865936734,0.2705195967102011,0.6517344750032,0.36348504180723096,0.6112281499601985,0.6393235480276995
91,453,0.0954834119592175,0.044769489988415345,0.284552998863006,0.745185754378869,0.25445006260530967,0.26949086144796597
122,103,0.7120010268320515,0.641417904513436,0.3268814416995254,0.8580605872950834,0.15194752549520008,0.5352005689098535
453,842,0.727873713022602,0.5681895585686249,0.9472710730443697,0.3411366142057126,0.6962286739436482,0.6875298481683154
470,512,0.9153265276899616,0.3374800230744732,0.8606256161556446,0.8003755708544253,0.8694697771188493,0.6852345679503767
23,324,0.5185805923513536,0.1473346004355438,0.35949044844232647,0.12688066593018954,0.9015389084208135,0.41577585527571953
316,4,0.3216223382192459,0.9579198327687352,0.3732674176207038,0.41528352507165955,0.8414185318780102,0.5898594635786568
117,480,0.8277406698600205,0.5843924473886134,0.29769439027588473,0.09756239628159258,0.5305996816999192,0.5323354522577923
97,152,0.7708102818323926,0.6791133665720679,0.32613014262500395,0.052527988794775715,0.788830969004084,0.609628647836298
146,978,0.5003156144194704,0.5313487532694519,0.8606674662887857,0.0645273774854469,0.9263557317673865,0.6159069025171652
97,291,0.7678573756338111,0.806533247646205,0.010506856589846847,0.10475202708163645,0.02336258960713422,0.39536451761436875
245,475,0.2678756020772608,0.8963800495481213,0.4360526211095247,0.8357259234163987,0.412098217708192,0.5967079179164301
497,19,0.5895063304034679,0.3827105435976298,0.9428396785279078,0.54367712363369,0.2041254795701949,0.5357016920334489
293,131,0.8651834547878755,0.6900253122306106,0.5426363551828088,0.9473881877770107,0.9967687854245231,0.8686213522178058
361,208,0.3179845046165125,0.22988748454639696,0.4504457901439035,0.5380003013125135,0.9295660096331743,0.45721234159752244
247,52,0.4835499824307432,0.6518550471620385,0.3123698046995881,0.6287113323103868,0.8021859510759867,0.6522483998706785
7,726,0.9510448541728894,0.39915562997655263,0.07391262986190383,0.18448396114049304,0.29587980512616563,0.5214787150666822
42,945,0.7982118419717367,0.006781599401304961,0.22448647802751287,0.5405810206337084,0.9521022645451306,0.4942891711995333
135,985,0.8870390203305527,0.9555278684226207,0.09045840993687126,0.3853025488033268,0.02925044006214428,0.5298478327508684
122,266,0.38524706089044636,0.8684415455387189,0.12669942971542825,0.9314353421403702,0.18803970651757562,0.44429550704809795
420,788,0.9965052596345588,0.2908365503460284,0.1635165441262698,0.933921215781792,0.6168737542309264,0.616938923264073
421,504,0.15256560468381297,0.9977573142328605,0.30202943208427846,0.198498612502241,0.7930067120583083,0.5015720686287309
427,46,0.518770583216309,0.3171276745565341,0.011016679995535461,0.6201308639383659,0.8836308531155703,0.4022228321647512
319,91,0.4792733822962494,0.45884418645907477,0.9501438855932477,0.638175802970978,0.3005086107012588,0.5990687077050818
278,548,0.7984321908001345,0.8512590261744171,0.12381909267697455,0.5625350794580178,0.39080460106956927,0.5939209969430783
324,424,0.908617772515012,0.30459635132804086,0.38314887235958706,0.12432970799514931,0.4548274019537464,0.5479717659160445
203,9,0.7311393769080597,0.45054028438750005,0.8795275597147806,0.6540153188408618,0.026973818533914895,0.5285564974413446
335,930,0.6268162361303028,0.6655871671232555,0.10656797019076225,0.7990852849242002,0.8639692530521021,0.635232756508701
397,730,0.4274291908485037,0.13046755477242822,0.4836042517541208,0.3452260338531301,0.3379484153861816,0.36783114045908655
381,502,0.5103259170757342,0.4223503686917177,0.8447835975413958,0.5145517019441572,0.19927845375536524,0.5688675082847445
307,987,0.5093003132248218,0.3094099373616265,0.5569626240341401,0.1163279463492779,0.40919706309995296,0.4634189822504189
29,971,0.020368473684377664,0.676774305864818,0.21034359542276004,0.9306887114870277,0.7105633748990247,0.41277854500423067
362,973,0.5030458048276777,0.1359693900603718,0.7355095314125814,0.10953785317232001,0.8709155793938108,0.4653303904400504
183,259,0.8559708001741249,0.2327314791009374,0.6813410628675078,0.20837710666824705,0.21537646621562256,0.5935380526296886
372,881,0.7092740111422482,0.7113762037524828,0.3621859065469243,0.29847847580003495,0.17261296703539575,0.504274804756395
270,505,0.7957086221250048,0.1562243697241148,0.046295161581375144,0.8257902391820219,0.9437829678203432,0.548595865417951
440,726,0.390484989768521,0.4220192622398897,0.007864689896093902,0.7006559205023549,0.5508930191635677,0.35785344578503103
169,859,0.5289732369129581,0.7128807220926188,0.8253928831271716,0.00701443800310253,0.36577201899192346,0.4644638208646926
465,164,0.03348356899710048,0.7654683844300053,0.32155736155906856,0.18356154715941053,0.19931945506412285,0.25261075720370696
422,448,0.3829979421693436,0.09488117867166845,0.1377698986059046,0.7501511791919018,0.9952478221984388,0.4107719925319563
166,129,0.474416044892644,0.8519956094194782,0.5185512261629821,0.40383449100081237,0.7191842870915515,0.6423516381993284
241,280,0.25520889959908166,0.7239723011299664,0.9208332957250901,0.026213532467259992,0.21788530817716523,0.4974872242415429
266,414,0.031240978990649815,0.33929458869331375,0.008480864522397713,0.9639168783200247,0.09125944482715287,0.26327019340075347
384,855,0.6904081087789521,0.76380285233024,0.05614354067641447,0.15123291294056207,0.19928234396824585,0.47388050450252805
344,862,0.4350877508488432,0.728298865340659,0.41704493258507236,0.5104666400468276,0.24774260390757807,0.4454563473809474
426,390,0.4156781931122342,0.6008912265083856,0.6759659067550634,0.24831609764484341,0.11108564926160291,0.4813290121391923
185,329,0.2499867540285089,0.5584811734058444,0.4761004587670502,0.7374693202253596,0.22965137071373665,0.42651144698951843
252,531,0.5378303989980171,0.7347034888995855,0.8975484384654047,0.7767260990472881,0.11677970493293088,0.5909463450145739
216,911,0.43802678127073147,0.9992599017054545,0.04408455553747814,0.3972204035248931,0.3777317008865626,0.5100476814738955
454,976,0.47398447302909097,0.5785522493158853,0.34014086964374357,0.6584496214590319,0.48619525916984196,0.4976043374886991
153,227,0.580871348436382,0.808717871762248,0.35134788938872075,0.9090735845464855,0.45528497258091805,0.5756605271466396
293,187,0.006324647239735359,0.7442737173155829,0.3401272259863417,0.8148091184926063,0.8292100683490646,0.452960402121556
60,707,0.9076959035384226,0.8558084020338257,0.48768591212339063,0.4148977176449147,0.2539953863347114,0.7340654904864665
425,302,0.07108739694508126,0.9545248613841384,0.7905770451946105,0.4414760538966379,0.8870938238883462,0.6643289132448792
192,200,0.4509247473159945,0.1930832074608152,0.31788261640281734,0.8868782740270206,0.9081228185288022,0.481438206486115
170,32,0.20737287523938142,0.1654596363951163,0.7444832066322026,0.03437280042634294,0.9597997120036441,0.40274400773457913
291,403,0.5237823693698753,0.5863518284149009,0.1464654712790714,0.022811572313826356,0.1809832338848848,0.2907921051214254
249,392,0.28023010879713783,0.44929506288650445,0.5607248556339502,0.2057953415650221,0.2457511462353713,0.4519482312476796
424,563,0.8600064980626039,0.5707226929191692,0.3750880256655451,0.8276216446853436,0.6238322773574071,0.7038543282222263
266,200,0.39635983396242025,0.7980427344855086,0.5392108022955706,0.15321318761720082,0.1408916332050889,0.5003134365469171
258,714,0.6387555557684373,0.9317144800492464,0.10774975037224943,0.28527928494835264,0.0856213303364245,0.37373982900805963
53,680,0.24887972814787895,0.41741582519855813,0.9534628467609085,0.6290686901401757,0.07369721203144775,0.44571802744770944
11,462,0.019406150494017504,0.7179326455436245,0.9062141168017779,0.18424281006138077,0.6061496346662488,0.46953812068458795
199,182,0.4041545356132761,0.19679918784140937,0.8263963042906289,0.30311634124357345,0.8046781420099866,0.5208795458433462
499,507,0.5364864895582901,0.5345519493545235,0.8927828233880518,0.4669127271231922,0.25888566265918866,0.536113080317636
458,675,0.4595471512617503,0.021804777780519924,0.1466878701814861,0.22810928376793815,0.9335338871257884,0.32390841448293844
314,373,0.96201436381886,0.503750567133097,0.5037217730196659,0.9924136839779331,0.7919355078990509,0.7642886470632515
315,264,0.7068391738460283,0.5453364591254999,0.31790915875652337,0.16344601732126784,0.07746040536507126,0.4012524428689417
196,506,0.9956698006253952,0.7354453357783313,0.8873859413041586,0.8499371049202531,0.40730312852481476,0.7774265079933147
89,355,0.29506009031397196,0.6494847902069917,0.18943768249946646,0.47009983149871915,0.06801486603425877,0.3556553061888916
5,401,0.7890532796071466,0.35839673430580155,0.21994535514197233,0.12912367972018846,0.9151941577934949,0.5874200152955106
170,349,0.5555584675466139,0.005730900713121323,0.6867144563550108,0.1184861571625806,0.7428021444726454,0.4691355809615889
158,304,0.6117603544484994,0.11548587362294893,0.08889965908766817,0.5002960560508554,0.6865451303547171,0.43696108516273874
96,717,0.9858532004423277,0.9730606535174523,0.7323671769166398,0.3535201714692102,0.6827018466141984,0.8264176933452045
130,460,0.653987199751117,0.9223331583153058,0.26812728831412236,0.23460229911299368,0.28518250189574357,0.6213964135517956
13,467,0.8988168923369179,0.32509316308114533,0.6609353652671474,0.9589391371657489,0.9335391552007086,0.6319710972964069
304,653,0.725750234719247,0.2588529399238877,0.8730377863606604,0.4633797406331909,0.9227766582203948,0.7429122963853237
463,361,0.12738612172475006,0.4364162936900374,0.6096113732349906,0.9288109813723276,0.7394888093742308,0.5806345528893017
345,101,0.6994237103223125,0.6899400296120728,0.212683733286109,0.16399972606481883,0.468930207071793,0.5344191883010292
224,852,0.48431558868548197,0.35682767265797366,0.049165525539216604,0.18346606723001224,0.04711573079071518,0.31136179809136544
210,56,0.9187979929823424,0.06729384773115554,0.04461397169506587,0.5960276909424516,0.028311350137035673,0.3633351325810414
154,572,0.8068344471904552,0.4027950924443964,0.08881188201400791,0.2698756426168226,0.1381343329238678,0.39774077971763283
72,266,0.10413468760722522,0.2605889944814319,0.5798179124697159,0.18493785561126042,0.5957646936930576,0.28966620824333655
299,214,0.13391564365355846,0.3249300112112118,0.3482178540406512,0.09468538541331106,0.7980993792046939,0.31778361131581473
283,42,0.06961100179860558,0.16295724578730442,0.24310697739589815,0.07627067030716383,0.9484657602736191,0.2879376123176318
4,900,0.4932448747446174,0.6588400694456474,0.21930655779719122,0.7531683854134263,0.17536207927614678,0.47916013413517106
208,429,0.08077175920735302,0.5266309332452249,0.948581531903099,0.28216314636981654,0.2755278807961583,0.5144812177950993
139,343,0.723678336574694,0.2708631172953543,0.1188165758920744,0.9784191533076348,0.05410028705441505,0.419553281153715
85,741,0.5523585814504327,0.5538624813062414,0.3048144107726547,0.1831211274791248,0.9890471668808795,0.4573638366290139
351,39,0.8358850175531424,0.49270784716723803,0.47147726201919316,0.3544466500238479,0.7809150792110731,0.7030353774068074
263,564,0.27979578867131627,0.795974856566028,0.000449526074255413,0.37490861948233345,0.48071412919002743,0.33157262337150195
317,495,0.5191407841611407,0.9559842693402016,0.9209531874757245,0.5001527927368299,0.5755653553024455,0.687309476372316
357,553,0.11747968591054436,0.13067050897865595,0.09909859076010386,0.8706358689794534,0.5621744113330919,0.27270815683530236
490,124,0.8846100026502804,0.8839134789079829,0.6824706006861725,0.8347702099641873,0.2543607531431503,0.7653453787403668
401,952,0.1750049622898383,0.7047969382849021,0.6288654771624883,0.009956330863795326,0.1853906942934196,0.3110061399745395
310,239,0.102362251350405,0.6925535452979048,0.8090638551047372,0.40925506695826264,0.29697571662213196,0.41380808512101025
439,678,0.2050505985231833,0.3743008971424723,0.6513877305621525,0.827936731040582,0.2471535497961499,0.33119553246485756
239,747,0.8062314887229814,0.343908195464921,0.7693874172159795,0.0001978078267101946,0.557528089864361,0.5964586263547738
492,344,0.1058145276846828,0.005639484822516971,0.42124860878852755,0.5336395722182439,0.30820280583985693,0.2761673236016868
380,131,0.6144274948381659,0.9822048746373078,0.48870449455162324,0.2594756213332019,0.7289447916156762,0.6018177446844473
325,297,0.7461813006151257,0.6065058323730488,0.7016621021644194,0.4127685492421006,0.5679397328570356,0.6920640812158424
451,807,0.7510811604828711,0.40232862392392543,0.5684267210550511,0.42030469987880803,0.5322637654140473,0.6080008203530739
258,906,0.19006088660813114,0.5437688218921786,0.5115385502667199,0.3917544407175144,0.9512937670892465,0.4441841511483912
360,936,0.06162399837761201,0.04052703409626246,0.20555840605454934,0.891950122211263,0.32240953538032124,0.10815812998304222
143,227,0.4488063837722176,0.17365095529166885,0.2581082608063754,0.5364636089695346,0.6352698632399278,0.32505034553906376
481,606,0.2024853452445461,0.6233599249634025,0.3584972410593935,0.9037467238279847,5.0627027428640226e-05,0.3489044201175663
312,151,0.699270809013938,0.51426172968362,0.009284385423503183,0.726742407321351,0.7369236472772692,0.6004998823739721
391,710,0.356692799655421,0.7870748229276331,0.41736344958023697,0.35112007097400566,0.5025439290167611,0.49182770324368563
230,416,0.4493539410331321,0.6587426904453371,0.0027684757639128144,0.4935636815489549,0.20838495728445972,0.3303182630221057
433,713,0.11348493310171182,0.6014356759793872,0.5650154359213367,0.3898585382052917,0.0015105564286171935,0.3440123511420465
38,685,0.5675502865481917,0.8152657043053134,0.7040287689723489,0.8285742782003216,0.7069439640037537,0.6390189047125717
57,992,0.1855241896319073,0.06826310555190063,0.5621486316151264,0.1875978119709637,0.6627007035505739,0.32903464884057254
254,489,0.6789856609149371,0.6908867964312853,0.6935199732048759,0.9364122822615515,0.665407116479567,0.6596904847577796
366,342,0.0711688225478937,0.7155907132890155,1.3168556207476811e-05,0.5804244942519161,0.43745482312046113,0.28228544468159544
404,527,0.9758945922813234,0.275163549680011,0.05944197328430956,0.611757953968084,0.6392973257699487,0.5492926564451569
220,163,0.6845269785858117,0.19564963648739442,0.6984624408755553,0.5168014002519713,0.5713347901060603,0.6188550335539204
325,112,0.18172956781192617,0.21385247545599917,0.8029001479567706,0.5544964770449176,0.23889504461126865,0.4697353012069086
276,519,0.014094645461855793,0.19814086343199422,0.7177015708893945,0.6676754164228271,0.5187680414684286,0.2898933962480041
480,825,0.33446289220521874,0.5237821909035946,0.6630122425535516,0.6550352551008597,0.5145927946188952,0.47674899226532885
327,533,0.1528132640522074,0.13562631136582848,0.70738266381156,0.21414708886996425,0.8236228882333737,0.39196184619330177
209,782,0.21841133311954597,0.6592858614193504,0.7395899257961658,0.582440160873074,0.43348902267073597,0.5599696873532877
484,178,0.8727502584378894,0.10507825894876954,0.7243774983675693,0.3546264406884425,0.436085435766277,0.4256414168964727
54,449,0.6032046600508495,0.026889640310256202,0.7380084776883398,0.6370303058028788,0.9844044712748163,0.5510160458473121
492,613,0.17645765302889949,0.3192902424458711,0.07401970741518082,0.5478345802679188,0.8944638728589331,0.31215968813061085
77,348,0.5566594006874488,0.19185972373304105,0.06327155149462471,0.17967993371249258,0.24228599004374174,0.18572689336471482
144,15,0.25578065342499323,0.9886620554100823,0.36111994322943897,0.734733917539036,0.9102930946686671,0.5392826654804915
410,74,0.9762008643580892,0.3029963006172174,0.5275967145487956,0.45701344747949024,0.13796665634603278,0.5121362975892969
367,927,0.03275723026369526,0.22206408602551375,0.7626190539217277,0.551441552286137,0.8533910587400004,0.4039605664085691
485,605,0.7323184221678151,0.19676982349921457,0.3347078187910125,0.672642864924813,0.1833233767300173,0.4809974822985418
375,265,0.7729970261914273,0.3738529048034903,0.2751170766336348,0.652871773917137,0.42560334889836404,0.5272308348655992
318,259,0.06716276395770027,0.6058488953315778,0.7814483081185295,0.7489288200900446,0.9839216312683395,0.5977588132015484
173,40,0.17186936423135157,0.7819452750462824,0.24933685145399498,0.20675172864311742,0.09704893655223035,0.3334832284612845
3,944,0.38430665910395756,0.3645762477430684,0.8208413768144633,0.11039123373735693,0.8397878199680053,0.4723643340519336
62,109,0.8681548265290678,0.6259709800427894,0.17713354972003859,0.6691795746743444,0.4947339495276596,0.58430645511648
149,759,0.5369999384184994,0.48205989827938744,0.3594735228724768,0.23598494666568215,0.11099136577511037,0.4285327275761874
21,241,0.6553068500072905,0.8464953462533984,0.4010756094263903,0.11460486854982666,0.9524913791050028,0.6943933156378871
254,336,0.7830128354568426,0.5690417771584352,0.29951044730764287,0.131237492809408,0.5492313681392259,0.5251811046678225
388,274,0.82812278833752,0.28989167187910014,0.003356913887012647,0.31280012389951406,0.8806410219243355,0.43850153980788337
481,824,0.47628454308368107,0.7035872571782559,0.23550925782124787,0.9917870480492451,0.8691069419867508,0.6122116828612167
245,33,0.5087931387734813,0.8200644880229958,0.3376535588788737,0.157260326687085,0.01463458294069786,0.4670050437154923
437,352,0.7180058570877794,0.46544065676396507,0.31362489452666276,0.2985365622984678,0.2648407035658359,0.5257026162900357
492,280,0.2633423587356264,0.9871972388823189,0.7855554964772071,0.9207341518821429,0.3369215796131525,0.591586625118916
430,273,0.8544897363655244,0.8790968791913134,0.04736776253647301,0.9633080631408026,0.5348640455415051,0.628765243646802
233,193,0.02078682447584157,0.19695466966549147,0.3889486996552407,0.22884336115151804,0.07186600984108071,0.20473670215846618
163,912,0.19577160220972467,0.7867558721562373,0.03751545557944125,0.8804526970506575,0.3889668983296899,0.38894216572192875
488,379,0.8001999430365032,0.6009512443497661,0.9306475661290093,0.13891794452301365,0.8146381236230967,0.690030611086005
121,418,0.34025821189267225,0.5348112978078347,0.7902094370310964,0.7615364113005156,0.17319111500726658,0.5586614773141334
206,385,0.14983283269230596,0.5139385865795684,0.9821615992380135,0.013008160647371536,0.7012764745763828,0.4078088232373225
37,980,0.18675475571140332,0.853411142782429,0.9101605316960185,0.40661962924096007,0.46032940938727374,0.6639328500691946
397,339,0.5307564019360695,0.6108727889034485,0.3158127721160844,0.24733520671738818,0.07070511889648479,0.37981519008072007
325,342,0.8461815293449878,0.5377059850537337,0.6915834123305803,0.7040080141591227,0.17737406562895475,0.666940968933337
43,328,0.0706507157711106,0.048859906758049076,0.3065540874784084,0.01605613135518469,0.1410307317338546,0.11204124871585504
111,327,0.030480909124649402,0.4483028697585574,0.888211187929624,0.464901706051533,0.6197178463187532,0.4518781895595321
278,90,0.46516813583684313,0.9080415620455077,0.4107528699673414,0.6967290247449353,0.08732439888282173,0.5183436425747268
270,604,0.9561874150536347,0.711736729344619,0.3758875419042321,0.04670487325018291,0.8230467807774929,0.7109242522763826
401,26,0.2790098034141264,0.050953978056153426,0.9140687442333334,0.8974001821299723,0.806659130936897,0.4726278785374964
133,226,0.9591705390670483,0.8839922821510423,0.8367402876198543,0.3611974073964489,0.08006199712078244,0.695579006497353
462,202,0.8876811765900013,0.8266672213770541,0.9664135533643016,0.16526583224224256,0.8881971977301835,0.9066771231713756
222,292,0.2831350763875111,0.546684211569528,0.06648808557444685,0.22546449603046081,0.9591608256761988,0.40279890122868517
411,756,0.8169480642561467,0.02240546518228148,0.2433388780388599,0.3389059287804632,0.043468098181245085,0.3059795907344424
119,599,0.6858673025688188,0.5624296180338006,0.30085774786704567,0.19837510182229212,0.9503295681368317,0.4944117607596639
19,990,0.5118223889047572,0.0545890499264261,0.4243520609547621,0.5105787539152029,0.2794621693896858,0.43832049369575826
28,351,0.4229161430428747,0.3203789596374804,0.473130045948536,0.632931736499356,0.6647619408031905,0.43700678795959136
186,928,0.8155027559254567,0.6289096189027389,0.291472428066738,0.43343010888332467,0.17481574623696672,0.6328300018656042
476,45,0.7930794326950212,0.9129130838821744,0.7904504231450284,0.4270321498951223,0.8174558496046032,0.8095064954089025
25,504,0.7569363359425592,0.3577956372594787,0.22324414448505647,0.7816995193687025,0.841913341560424,0.5727798521807052
185,799,0.9982559512152959,0.8600237828834533,0.696517313299113,0.3010167129578851,0.9783414051964953,0.8391312664369374
55,532,0.4785124609413839,0.9183610104005163,0.8517683155920974,0.622768833907242,0.9925334621708327,0.8654521036811476
465,933,0.8069229778199158,0.021043880457314312,0.6036982391595863,0.8929215850434725,0.07585770777602807,0.35913739749192897
337,315,0.8624783669834785,0.2394278377525315,0.35415892589282083,0.2215143650960122,0.6579636012780745,0.5209953073884283
381,34,0.21160258145368394,0.7098622992274988,0.18789124219665132,0.6199007300244572,0.2730461771522924,0.3682114168810969
356,774,0.04206644205306098,0.7568430430795484,0.134346194403696,0.9479717800547842,0.1255777856311452,0.3316791088625416
328,68,0.40474840218857966,0.3924168502170541,0.7441747391490616,0.5297952549554544,0.14879541871509805,0.4511281119505551
387,764,0.856736684436776,0.656754612772855,0.469131997583516,0.9768977236971302,0.9364372389284052,0.7398787087751173
5,733,0.28910328119451023,0.6121586173620351,0.046319551167367634,0.3100460441847964,0.6836492383453451,0.3919930724620321
432,844,0.7000101540674241,0.7397749616010599,0.9838395069426202,0.5642938926661981,0.05046095096904113,0.6545343468132395
370,479,0.007348139064262682,0.7186584277451218,0.67130318298899,0.31103575120095284,0.9842300781460926,0.42918986318613395
369,895,0.35536443232023773,0.08587079799036135,0.8441825514269772,0.003719425067400639,0.8078122363607148,0.4375256193304483
197,170,0.6155166947581512,0.15825018094006094,0.43818867131701145,0.9973081004456583,0.30917930565072504,0.4937657164030165
400,434,0.12975719007233688,0.132727147259316,0.9554386208080249,0.24006006803727653,0.47086669360570055,0.3307293979673136
191,122,0.8966069121474339,0.932480069842819,0.19952502092412727,0.9731019852367316,0.7265759792020422,0.8416984946049433
25,767,0.15627397711707924,0.9135426483529893,0.1851361229388161,0.653032826647127,0.6760320858394464,0.5457817626349687
454,714,0.9097935450039947,0.79741226959697,0.8903347347703588,0.9039336089485727,0.46308089881423575,0.8524111885300639
118,806,0.21638930868297468,0.11671856067595932,0.8917170640057281,0.967202747053633,0.5123899006990669,0.48760964258665196
51,764,0.9942786739158408,0.5742714699195859,0.4990194854990422,0.567829206341983,0.043207680416432526,0.6064242870816148
311,309,0.6047487132955909,0.18723062608985142,0.12578635535397864,0.9996913443012582,0.5006332444869486,0.48552226792182496
117,68,0.08434489443831128,0.3683839375588025,0.3052164582032719,0.7673299092753699,0.34024689172403644,0.384750499651096
429,929,0.06527723447865985,0.26709127663741294,0.7541523380344677,0.5238145560935734,0.28505120047495636,0.372726793431043
222,493,0.07492169625946876,0.8289309814874659,0.8459919080013034,0.6549432841908859,0.269622424768186,0.476331160893666
3,95,0.5898927472909519,0.14445139951927322,0.3476547477448171,0.19427135732659928,0.6489468973564484,0.3973967220378644
475,927,0.8095792023273852,0.6461791686100757,0.061233681816867835,0.011032621440349888,0.42925762072131857,0.5108406961151454
257,994,0.40296274177050573,0.9838946637761669,0.6657266815727806,0.2567893476071421,0.4258024084279245,0.6314443660169597
132,446,0.4448357592818618,0.6870545832536334,0.7394970414382935,0.43497086171990695,0.15918699135147873,0.5166150560331606
338,770,0.589287703664628,0.0792334890069597,0.42401467586369257,0.228052586861754,0.961863568243617,0.42014198509123124
265,37,0.5330406047863557,0.9078495019625249,0.5830976116178693,0.514035897986198,0.2239262024505514,0.6676969487852059
15,94,0.6880617331012702,0.6430796776895962,0.9873714975240833,0.6579441422246665,0.40610920660078464,0.6377575483442333
380,277,0.47178572016302656,0.4563109796052035,0.2449985993596594,0.6557938491000377,0.19020476417973897,0.35165669257745935
201,656,0.7138606850640675,0.6596924785411186,0.5729776937992509,0.8937644305331285,0.7031428523891479,0.6221683443509644
350,134,0.9973107425466341,0.879044330472637,0.6109604135626425,0.9663190964832098,0.4361287464608543,0.756020068730911
447,35,0.3502978422487649,0.4771272279152493,0.5491071960244631,0.8906950133598884,0.41364993901810154,0.5476768349029887
305,669,0.012215462915350805,0.5313214828122292,0.8691295579437958,0.6201749593469261,0.8750948853890671,0.5676442877351346
336,770,0.12562504555165477,0.4524473992179535,0.6050075319221164,0.20576415459112907,0.7594798497934533,0.4025969860592805
128,739,0.5535141849869538,0.07259142632366522,0.50789002239129,0.9434511591699268,0.5198750528891809,0.48292221018346926
119,799,0.34425778714465205,0.7870701269273584,0.12301502666117314,0.17486039476730653,0.46859040404113705,0.4118972444091753
208,803,0.9399825937049925,0.12641174364183894,0.7032091992934255,0.15142738251046517,0.9599013977970557,0.5537686605035996
426,602,0.627446090107383,0.3945700102883103,0.13210736149470037,0.317569327905435,0.9564621646912369,0.5994294097811832
262,519,0.5203551859654679,0.38682284560772917,0.026569893364223662,0.5736055613382882,0.7047708679098876,0.4899394304382283
174,857,0.7980395012720187,0.28004079208673793,0.4885311630634622,0.6814726319858042,0.7601479264864329,0.6070187034540133
390,348,0.25858987104909514,0.4025071258944184,0.5724452721477323,0.013292677345635995,0.8990929081538158,0.38609150505590206
426,98,0.8197385402823597,0.6180091103824286,0.99905406137388,0.7780222717197501,0.9643087558707376,0.8114364736491878
451,752,0.003061104864092945,0.31138731220771176,0.7123267944552865,0.17501954908724215,0.08227476627082331,0.2164524106805624
150,276,0.6196773621357177,0.17251193769827644,0.8485903202275773,0.2964848515130212,0.9973388324705817,0.5828776791791127
355,978,0.934757151045779,0.8693675105072666,0.3463880390307553,0.32208672579565156,0.7030222149693987,0.7202047943016437
295,414,0.78785995203387,0.9708326498571355,0.5089146825799675,0.3324459988987425,0.5927448541916276,0.6859491379185387
225,851,0.8536341921473594,0.4585838238763206,0.9742689906618556,0.7603676022094713,0.4131671253268977,0.6308812031202908
199,43,0.3969546951715005,0.3270197123445858,0.41738855214277626,0.04094436220217956,0.33638989368603744,0.44547491662506955
58,659,0.8242389461001263,0.047482077778229326,0.8072904248023839,0.19651781839231952,0.8042102085239773,0.5727599386944681
138,448,0.5508316650302666,0.036851540610053135,0.5259891177444961,0.02231923115244816,0.6544350565466125,0.4028869898174505
275,463,0.6185402365031989,0.39288199564540205,0.2239618515300641,0.7782994567117663,0.20070516882149403,0.4153901918589744
443,265,0.05891533933580351,0.9302420183009658,0.5804186372108828,0.9837223383651236,0.609911037134006,0.47807716745831164
433,971,0.20155169717439214,0.7307085434015644,0.21806202837032151,0.6595471592665643,0.14116610172146538,0.36971965531675743
94,393,0.5509644155135526,0.349269418870775,0.003026989875741126,0.5901391809188112,0.4968748265061286,0.3705961189653631
339,850,0.05880105782349765,0.968046425182061,0.23589601547334327,0.9080662133885028,0.5834576378346484,0.5206331127872595
43,425,0.7414468065877132,0.4287579032557307,0.19314383235509036,0.25495398636348277,0.6356840707440323,0.5344041721780263
337,49,0.8400570085219016,0.2767927439746457,0.37092117719943374,0.06646230513800522,0.1452621897234352,0.46208655694790296
171,879,0.9203623612948049,0.4263532447243572,0.8885969038092881,0.5099699049722157,0.09559852865077034,0.675166786922083
225,185,0.10176845917980593,0.21154322698383277,0.3878530735986758,0.26034870317382874,0.25870816597535784,0.3160113448071516
359,271,0.9397202480228001,0.8856387702007957,0.8451876274909911,0.451081614680902,0.6070298321546135,0.8280185157232971
213,861,0.06762000762929499,0.3611733104176903,0.5556130201315813,0.45629985058180933,0.9316828139709228,0.4620451321138384
403,893,0.4740562159278153,0.6579689644943214,0.007614704222566937,0.3188318240680694,0.7791235309003536,0.48167678748008474
267,916,0.8402510206278118,0.38904719882716354,0.18873671290321514,0.4863245815830535,0.7457105251724274,0.452571715411051
499,426,0.07031113856445537,0.9017314179639625,0.9312780452080364,0.3801518805499017,0.3302323445577159,0.5126058307061966
319,757,0.018231072988983632,0.6423807517156301,0.6041734461977185,0.11305933678187674,0.11170737977515854,0.2715756643644186
148,328,0.02494771870665069,0.48825189028129945,0.9295468585722739,0.8667257074057799,0.891939406120252,0.5474918080906087
387,740,0.5112702394360336,0.1321429691813385,0.31012002030345287,0.701273714430226,0.5008535050166287,0.3541457074166704
204,503,0.811596744596663,0.9019166628522043,0.7165623782827428,0.041308864999840544,0.10051084620425199,0.6617622226807371
267,52,0.12742667107259964,0.5468168682717709,0.7720251598972598,0.11578642527130634,0.5349687301171792,0.47021260732086184
69,418,0.12461025407954063,0.2850529729614175,0.9756996027362554,0.09651447071202401,0.6754102426652563,0.4749277257834665
60,468,0.5685468550497916,0.8779268918167041,0.0181764831689607,0.06174354700882767,0.31990002960233843,0.5288035133203526
287,258,0.2342956008119237,0.0544404273944078,0.9522372151232462,0.05905677584054769,0.00924893168363583,0.19783804324988374
94,375,0.7302137351448739,0.31407691732957166,0.3915902176041651,0.1571123329362003,0.6216069621477621,0.4249036692651315
498,503,0.9496353881767499,0.5368284012021476,0.837992405744867,0.8478694085299281,0.040095518429485,0.8238882258316067
427,50,0.7660334066004131,0.33981433604329303,0.5447129182210839,0.8282332961981758,0.43279329087118723,0.6219246988786368
350,152,0.8771753663789165,0.47673425537885783,0.5646495430333655,0.7831464752783852,0.8247752281268471,0.7085194126642788
367,767,0.5195860575716703,0.2643162523309839,0.3593778881864501,0.6147065065385727,0.9988476323424802,0.5067301290123611
298,352,0.8323193042175333,0.13008309093289716,0.8284725903781975,0.7234935532136345,0.3703029139841675,0.5729628671383664
31,608,0.18290318398668237,0.03685413861685172,0.2640135708378334,0.7384812108403062,0.020126926500197095,0.09706703620007351
196,566,0.06834789039562739,0.1576465649121419,0.49224138617860647,0.8893128703076673,0.49290310193877207,0.2826145826728529
248,551,0.6559531101246859,0.9529465140248118,0.5601744987674754,0.7323430296357656,0.27627539743199225,0.6561406941502463
457,413,0.051952503758055935,0.5754031333367384,0.7425210934274884,0.7364593080209655,0.8927750135891924,0.47970994221455515
110,483,0.8924814191396805,0.4889601252779515,0.47163533704153704,0.8040811727134838,0.711503150327694,0.6421883147627312
248,824,0.6915541471074186,0.38432383930570857,0.6802828988394938,0.5563548559276319,0.4043232688059525,0.6838243307392384
172,965,0.952200725408912,0.7084201459833853,0.4852940963479754,0.21302879004260922,0.7620282309181695,0.6828485349517814
68,257,0.31388665631323565,0.14125947590609333,0.6593206369585947,0.0845424775690583,0.3412058689229325,0.3348861217708952
52,669,0.48615830920162084,0.27612986765266345,0.6741434762081482,0.4190435603818988,0.5217635851137898,0.4820043629707262
183,969,0.741690365045119,0.6559021196637528,0.7094415605292438,0.09168567168606256,0.9227852797991704,0.7054302856049587
42,8,0.24277898546082055,0.47906436458522794,0.823299793860326,0.16930403155433116,0.20015726623702945,0.3803496003541008
34,784,0.5418488201116669,0.7700925389590887,0.5407225609599173,0.023840011762435,0.3130580019067061,0.5749140568294393
176,497,0.6594672750054781,0.8971098439566533,0.19327816386989327,0.30020629103650986,0.8855934125269594,0.645811026927817
101,967,0.9788086544470412,0.8233725913706561,0.6796408416190554,0.9699978224020184,0.46187836031041174,0.7373372301011178
277,578,0.7447032942423848,0.18420771426073201,0.07711808349216187,0.3789312726644106,0.3178888286735788,0.36508778514232726
9,838,0.118130850279074,0.09147023552697853,0.21895502246118403,0.24089260605108131,0.03729867018394051,0.12317446355681333
151,166,0.4753334513833103,0.1694406005450485,0.7921575286647992,0.40344947713823154,0.41895303758690106,0.4356713218695422
227,142,0.5887707829895721,0.7835306916002306,0.43507014433006597,0.3013385202066774,0.5006011113688091,0.5902167955000858
481,926,0.14662314286435274,0.9138310894927105,0.49804416765121706,0.6738768229283607,0.4063328673210873,0.5321274206126871
317,526,0.4319660569810784,0.9254488677038575,0.9873969184835301,0.6344667611590806,0.2774592337705588,0.6893296330391852
440,558,0.284005816335823,0.29821578937044557,0.23517248584891792,0.027342907770496194,0.3691301735538661,0.28183977412714956
172,170,0.11882754226202596,0.8403413780135583,0.019552749535934555,0.5113231558067851,0.6424447985537197,0.4014250778357295
225,227,0.5120419334634545,0.5362355350220966,0.11137260951784411,0.03619968767543713,0.8912797199630025,0.339697562254508
210,818,0.16563308101234542,0.8227918483482073,0.2445018596608296,0.6773632664142749,0.6496758225775019,0.5083705897978827
443,304,0.5905374085857233,0.548364842380001,0.7259200243964692,0.9358083306272584,0.6461624359737661,0.6743593412641256
479,584,0.16969693224186544,0.14589321977911818,0.775822031984762,0.907487878727419,0.8168748619808778,0.4065887443506031
481,317,0.7235949236028211,0.07921955107309742,0.5654889540141138,0.20571211209092655,0.16514277773326635,0.4093528974408581
376,264,0.1952416230296704,0.9572191492093396,0.25504639869816137,0.7426451477213933,0.30109762945813845,0.5007126371957396
252,166,0.8962851007761495,0.42580255643157894,0.5217418945268236,0.7930659710405652,0.05059098297487097,0.6251421460576446
270,929,0.02620935654880885,0.3505206448973178,0.014957555933934219,0.8643675331093843,0.3496377968732406,0.26288197437637784
490,940,0.521997387045736,0.3563030847683104,0.6818009427417963,0.259598670800521,0.9988237822665057,0.5738987006150039
142,116,0.3201047658865469,0.378934411475472,0.6142975554091679,0.45083484597216006,0.3293123953655759,0.4554435034937552
174,353,0.2250765257745908,0.9449968278943381,0.021796539381543578,0.2215044290365904,0.8597729960259071,0.4439208638801098
448,564,0.47160277916514803,0.06270458740317586,0.8170116336327956,0.024309457211191376,0.08577771393043243,0.3564570711173341
193,383,0.8420195363242607,0.11906128738229915,0.7634265351621218,0.6590126278649572,0.4597123633359994,0.5388589473519818
118,721,0.9152772055266487,0.7896515154818492,0.3082237455683131,0.4314636178931456,0.3514628653816366,0.6850214166197447
280,260,0.30324861814784576,0.5494094913401387,0.635376650632306,0.2481168805635673,0.2015828632314156,0.3299658502340851
163,59,0.15424362209507125,0.128536757960952,0.6014929634649732,0.8471039472996119,0.372506257056864,0.380129060807761
445,337,0.7201404475663072,0.03446013677833637,0.14318027922687027,0.49568063997920286,0.6512781114139471,0.40143845311226306
454,598,0.5819987254559883,0.2242343482792274,0.19325930111436584,0.9946576772125906,0.4903080748890929,0.4905914104204141
153,181,0.2010161486775599,0.2608107377102711,0.6832061362281295,0.7933578269389671,0.8443340312084617,0.4291074251320627
265,816,0.7602957880874366,0.014213029574641989,0.9335516462700085,0.8692111997359199,0.9049466068483374,0.6455146130155505
492,13,0.5189304352421411,0.21609053833719338,0.5762843206987531,0.7733322487976717,0.4818928311694448,0.4776072833384391
371,68,0.6533951995074075,0.7383189369523997,0.5678131455595449,0.10592489895062163,0.9817263141511197,0.6737065382224842
108,509,0.35933903396338873,0.8554336896370037,0.6466816947038385,0.06502900065367068,0.07202076353658393,0.4159243886024909
295,512,0.439097561302376,0.8982358297697178,0.4405783001781288,0.9150787726144635,0.2763392213362481,0.6091734007348693
310,295,0.1803420983749422,0.3899140326435434,0.05417204350134375,0.13819718803980208,0.4167112704085759,0.14644724933528597
327,259,0.756515867645341,0.31941372590355765,0.3965038467246972,0.39122615067426025,0.5827015103583273,0.4792446998797381
13,70,0.15701132415179186,0.9998608482078876,0.9002522101178897,0.6099110115559309,0.5459297413132106,0.5418631133167021
150,663,0.7783025947510613,0.7693404509215888,0.8049468003915485,0.21189834990199563,0.5679767637820737,0.7346125707758171
427,379,0.798007854884586,0.5373520809075544,0.9274235685770654,0.2252850437077768,0.8962507226086311,0.7361977420452017
121,119,0.7466009640551217,0.2547714326893966,0.15283158513241057,0.4662413422913765,0.277565191953306,0.4293003097824381
150,400,0.019422788058740426,0.3213054528851047,0.5059577570388295,0.36089509145992715,0.8168537455886287,0.4196217918433792
161,937,0.27313321260667356,0.5153643488293872,0.5847281548129437,0.6765756670198043,0.5580005541276593,0.4632872483149768
89,261,0.4683377427918137,0.5420829197907506,0.20992550999297444,0.0750761955206275,0.49049048292269126,0.4295676308449261
78,894,0.5955443787167958,0.01367864427367782,0.20097023926897006,0.48875866947781965,0.29941342562546913,0.31936602068767833
174,259,0.9192220993690502,0.9594000852714745,0.7820329326428023,0.17425991771551697,0.3040688027600028,0.7307478221092658
437,186,0.3756059721287023,0.5756062473515635,0.6718519170522066,0.6067250090007481,0.38847987144488705,0.5752295101076955
1,261,0.8750233187739541,0.5891582444091333,0.6471875368151602,0.11621329176034312,0.7635104880996915,0.7694759346585918
142,323,0.16342928813683655,0.2114711337538192,0.26698745798301493,0.19763186652941367,0.47673288759227106,0.22499384812472004
31,121,0.37128048750862697,0.7649871788012479,0.5067694242472068,0.8038889828433134,0.15383368525624996,0.5491347564511044
281,588,0.052282010821323,0.7372645200918427,0.023069953489327832,0.23516699003801378,0.7598631773427998,0.358066745204785
126,334,0.7424892910556222,0.09515797340476406,0.1299460526004279,0.7370653387938256,0.6633799879158684,0.46229464437724815
396,718,0.15065275743291295,0.5949943722599202,0.5182508627607912,0.27306269968819097,0.949238768401167,0.4796455645276807
292,491,0.2570200156484578,0.6581937453298798,0.3096722756319128,0.2350275052338311,0.5294141016195433,0.3898498623466466
392,443,0.7752332521932148,0.8355681745738773,0.9656697568965166,0.2991547828812674,0.6544221424578042,0.5834257422914494
317,471,0.53471671742271,0.20609117891771067,0.47148472326701063,0.8809319844227486,0.47933027276121143,0.5429679601960238
219,157,0.013972719418462565,0.8776347968064059,0.08356415635685066,0.397165659336728,0.6807802082779644,0.34741031409025785
430,713,0.002235204747397135,0.46148107170759567,0.01784234725531242,0.24376052988397368,0.4361170632001834,0.197325054023075
238,105,0.5106606317398971,0.09652361930564479,0.7252578738476714,0.5366394736969131,0.1378564787358244,0.38570844329707515
475,721,0.30495551374919483,0.10562122151087594,0.1715067380503139,0.38564141178513567,0.9866832362991309,0.29956976407325453
497,999,0.18031144599517712,0.19780445367316957,0.18781236900505904,0.7901975197716632,0.7203637027958554,0.34019333551418307
294,764,0.6135939377161109,0.2827507059853085,0.42380722264067106,0.9904456183130277,0.6086258252298514,0.5276501161839708
337,455,0.2284364717174271,0.49640580445979965,0.26406058915346464,0.5265744426658336,0.48142075018551944,0.33448826831380535
128,315,0.5922071496849479,0.7487511977445599,0.6165770797461895,0.4517488976528493,0.7114290021886652,0.6475197012170147
407,872,0.3792659505862729,0.1867259020194323,0.4856925072237638,0.34303539831388563,0.12677492213518093,0.30926720562924015
336,257,0.18674621766978972,0.9926517944995366,0.11145060147723007,0.9733387322701378,0.32611339814169416,0.51911974573394
451,482,0.13810473786874866,0.1615219317703126,0.7847408479094484,0.483283276004682,0.12469935076288585,0.23877416471590684
134,771,0.23686060312728807,0.5993779677221475,0.4258588544142481,0.1779968599360494,0.12602509609820411,0.3025084281153193
394,922,0.02983210801298508,0.9289404358713399,0.6108343195893006,0.9692159053846761,0.021347544877200808,0.49974020810150854
235,921,0.30812696203626844,0.8325074228768271,0.003942332532681725,0.960882125999357,0.7558934151415505,0.4788384885353808
93,88,0.9019546901817942,0.6478892016631599,0.626400033436537,0.4357250523350765,0.2273086246251792,0.590337399957666
86,898,0.8313621258830283,0.7154929967908985,0.28284985703093446,0.34818601303295715,0.8320077190696871,0.6149570704821382
281,114,0.3720037567196589,0.1342056267053643,0.4943707432099935,0.6804374466886354,0.9044345141637322,0.4426866682931917
160,584,0.5758336185818038,0.00966305376024823,0.29772060382128973,0.8289241307856099,0.16856605965189264,0.33802834500185397
51,929,0.5673605590140585,0.43414878436037274,0.9962607446422428,0.49853213228352744,0.708864042335941,0.6236824104963865
214,655,0.8287375391937123,0.08951892633830305,0.23084231471162353,0.3308129910530334,0.4603057284900609,0.3678683572413941
326,947,0.2362901015169656,0.35775256191282434,0.9128596014892566,0.30139401086301343,0.9189611574060509,0.5495386122910326
160,344,0.29638748879301235,0.22374279356973759,0.9179666318299169,0.32659872721441807,0.4844171938016525,0.5000787113008951
477,315,0.3017854337456115,0.9163467223807427,0.4210006529343677,0.11803294012241006,0.378873886442777,0.3769353839650636
389,326,0.04086998977167433,0.8800559990080575,0.30400311552335624,0.7786204363552087,0.29456511903016,0.33744540040705645
256,355,0.3146878632891922,0.8189428485310084,0.38103554689879116,0.10495986351913644,0.9036214402281574,0.5715312316241545
467,683,0.877913776588007,0.7139442984139875,0.989339087391798,0.39831449493385274,0.2261793034085282,0.79197618709421
217,452,0.911987647571481,0.154071929104027,0.6187962273376061,0.834943337140865,0.8277147916094866,0.5370661258852448
70,737,0.10963534576855039,0.048367426199151575,0.5447802378206386,0.4041058956918999,0.1941874475779376,0.26424903961430307
18,416,0.4580585416184314,0.6538878578546925,0.035917881339427304,0.29476179792595236,0.6433968542534914,0.515952805470146
469,308,0.3813489015876391,0.6422581371750993,0.8478430303970257,0.9482537238032672,0.4510656397241962,0.5639024158967871
479,190,0.4893591966233879,0.36942428475448097,0.083805455807199,0.12654375353301062,0.10460867501667936,0.3632539892875399
369,551,0.5547195240586772,0.4726866664355971,0.046972367034381346,0.8848539027844743,0.12593300431705234,0.39245762411538365
52,898,0.02025876001774607,0.48914938823798937,0.274858086117992,0.062076798736804606,0.28150914991566967,0.2475024991781065
147,859,0.8422422479211608,0.23992813274650637,0.4757886050575182,0.41352941285256994,0.7666516849540702,0.5282014568754916
21,254,0.9736640731733385,0.3141666119075859,0.8952889600044005,0.6317210554978671,0.7289400022656518,0.772263199120482
26,478,0.6534048120036423,0.4183895546635016,0.7900787990828386,0.3700383841416809,0.20512025140736734,0.5681290740895824
123,705,0.6604522384933692,0.6031790299115898,0.197632144505843,0.5346064209614584,0.47620219456689983,0.5995832969947488
286,612,0.5279798578307084,0.9558192060173925,0.37207952842727654,0.20400166658718222,0.09698696267699525,0.5787432440547947
33,68,0.33427341171438174,0.53848460951904,0.7802402646188827,0.5690345174668368,0.7159462861832028,0.5547891212811534
492,591,0.1489778241795211,0.7311639095432015,0.5270924474690973,0.13455871689923815,0.7933020350174008,0.6207729218351049
228,39,0.5840633426960506,0.8070011023955532,0.17449194202407925,0.7960963160895763,0.893512000037027,0.693043730850716
132,117,0.044941403509207056,0.11350812130855359,0.3960552026783334,0.5837899134421298,0.8857459663901738,0.3393371799705891
258,654,0.8245025676918739,0.6531246675539409,0.6259358045097069,0.48193211481885256,0.33789230714600593,0.5848384357690943
395,103,0.42091169947061546,0.4821107202544245,0.9732256748088347,0.054666795833081316,0.2545338334400228,0.4085914430044875
156,339,0.4147542241619748,0.5724309422478921,0.661812054856409,0.49977433591672227,0.8965893747463688,0.5121108607316418
24,588,0.32717085847590577,0.03841693576904459,0.016195162231396942,0.5635694303612403,0.14600697481950986,0.1425692388441355
26,655,0.9693538886985864,0.9062157365473852,0.7050082766325282,0.26566751340716455,0.059344071692626676,0.7626952509620498
426,446,0.17491695277071884,0.9527841495754501,0.2508648074572305,0.6775903409082219,0.3142429780247745,0.4800940111779388
56,94,0.15130782147521116,0.003481923684611754,0.8621589142138149,0.07676514871352058,0.7603000439146628,0.3097474724966078
318,799,0.16553150154503016,0.21279159204151088,0.38388990822613855,0.20868908144849574,0.6941997921554635,0.2978407565424482
192,949,0.658527482850764,0.18019417370894997,0.19961503775430023,0.7375485173242352,0.9870552790268564,0.4914556192733844
388,888,0.9918953187295984,0.7813045172798514,0.4679471865102345,0.14722221892602416,0.3595335711079356,0.6951389533258652
31,748,0.2354751704017547,0.5980800591118203,0.25519797431500546,0.2455488196226161,0.2758473148568794,0.2931942518304846
448,402,0.9056173970674878,0.17733366329673173,0.23582148849785056,0.6508553479043843,0.3782076092449266,0.5024839281269889
349,876,0.2786165592081724,0.8139709553188604,0.573261800773493,0.7288417038111124,0.7822562614304541,0.6069569651398797
225,488,0.6478999201253002,0.35347487180574844,0.7673462708508795,0.05148925462343201,0.2142999511211381,0.4310584657820714
104,137,0.04049895193336772,0.46085687629310235,0.8349543741598756,0.12658941325221507,0.9477479842464528,0.5285762199079679
488,850,0.495653974576189,0.3873066053206454,0.39766987047039104,0.44611800584326267,0.512549332529695,0.4317724579347204
151,320,0.6545699662789818,0.5213802064412295,0.06680376359693929,0.5927949448321963,0.7831449957744697,0.46719053183496806
245,938,0.5363197772226286,0.48014246882872536,0.48397499846555336,0.4537812343456108,0.8272618244839166,0.5898379461502388
197,368,0.23783538488179112,0.27458400266244265,0.4337814770283859,0.6470699928117579,0.47881511733775006,0.3660069572753956
116,869,0.8284969482679155,0.4245560374938403,0.1969789482530394,0.7559929065219589,0.7413713804025869,0.6013102968499793
208,537,0.9701365112382403,0.9083371498543001,0.8961449011441202,0.9495438475079023,0.36469432393546086,0.7877787643954035
76,467,0.4591960956920653,0.5028941364792451,0.9741482530206889,0.34988071312944713,0.8109280142732043,0.6555600994675926
1,297,0.6359192651892537,0.9163864104223756,0.051747188033081426,0.1631047685044661,0.8239030086174305,0.6787391661382752
145,835,0.7904132683455726,0.5501270478179646,0.7957463798574325,0.2640840042882039,0.5662058194384189,0.5820026052850096
56,61,0.24148906062179398,0.7688172932641588,0.6457165579415387,0.14816444505179105,0.21814781587303733,0.4590434102764968
207,469,0.8644503819287854,0.2935913096597129,0.261436258165908,0.3942456419729161,0.9702231751803647,0.5307127493335911
431,369,0.28020090530999753,0.7904134900444079,0.6351561182828129,0.8725672659015655,0.9469798701752478,0.7724788778569807
82,543,0.7758308035152388,0.2643216129849856,0.1286431916834745,0.34705989694435657,0.6198205445793368,0.5142189779263616
1,255,0.11209923242642206,0.019549971642973007,0.06940650829749728,0.14882270222259675,0.9838810007810211,0.2289683517890807
56,664,0.2883867034141697,0.16072894317769304,0.9934890750522605,0.5226328820229693,0.5027962963912317,0.3916854206966369
254,386,0.5336199339398677,0.021652875032036834,0.6363698584586601,0.9919438166601401,0.3754843749260325,0.39898740479780753
138,188,0.5249220957043151,0.9470626418914286,0.2532226245332335,0.18818121866875948,0.4605030157696628,0.5700941136072133
245,197,0.8504311844863662,0.9999770204176942,0.45003395590376594,0.7778749517567218,0.04590701818551002,0.6116793396487107
15,696,0.9961272576386072,0.7622302636195206,0.9500881822978404,0.8233589435743026,0.5491218481913619,0.7775618590050615
167,262,0.10721084586014062,0.10812816375158762,0.4387250683868097,0.40133834350100184,0.6662324405631974,0.2874505720662747
205,307,0.27138813282503704,0.8989454603326495,0.9004445320023442,0.6195514386645249,0.10951997373064903,0.5712956847343709
216,627,0.3575982102230758,0.7437761832661044,0.8688091979784617,0.4323734507511886,0.2555975716961697,0.5675638996684003
276,330,0.47891840781000505,0.3322445154020879,0.3441563160908433,0.26232693653997186,0.721184109850814,0.4080019596524557
390,388,0.49390974315439906,0.5022779118089321,0.6960090040771025,0.42611880007236025,0.7935901783588653,0.6206019357815933
234,245,0.8561950631484166,0.6617593412619689,0.6604985037825924,0.09529013663007158,0.9858670493444452,0.6687163904323883
420,346,0.7705593027850998,0.024050475673271232,0.7712118706198419,0.7069561136608927,0.25322368589075106,0.53143416580534
265,693,0.018851579037953314,0.5015409120998952,0.36592916426748545,0.8291930316293041,0.841439471664581,0.4240677924358807
130,534,0.4550217605831879,0.7323954332549851,0.05223649849813272,0.30739993337048277,0.17210296511416656,0.4166405785739291
115,997,0.6180738382440888,0.18822537189633282,0.171039241112511,0.5664768243799825,0.13087839539864243,0.40206568701388357
161,772,0.4603955870930234,0.44379057347933304,0.6165536876737592,0.23214853203943642,0.7292035811756206,0.4822058301575347
299,17,0.13064525602570232,0.5325301291849333,0.7751001868973535,0.1274604501728117,0.445872371441154,0.3739191706258975
121,379,0.3974740836906482,0.7355653719592322,0.756048634535596,0.6636185651121598,0.793923498347001,0.5553739884598087
457,290,0.4116556951297361,0.9644537107931075,0.5836815851150307,0.13410759650791237,0.2825647953343958,0.43619182741501267
240,587,0.18771592244975877,0.8482755480042915,0.08475814571489249,0.7819790692061673,0.21319387709969861,0.3867135734610766
431,266,0.7563071144709534,0.6215184202299502,0.017288627185812477,0.2717545487509241,0.5487987438230502,0.48984858724100533
341,966,0.3214006801424768,0.5836406748348093,0.7821417573220727,0.8185133930026607,0.11531047467093081,0.44360247851957424
167,300,0.5889872905686162,0.6031866930726707,0.5493764341898627,0.36850457439042694,0.2787492139914963,0.47247600182107014
114,522,0.5157301809587675,0.5451786426597738,0.7827121027315078,0.3688425926429848,0.16623701145828862,0.5855486393467135
372,123,0.8774270792163887,0.059362880258923556,0.16278846147938886,0.7505727606724842,0.32004729377244145,0.4774828952737806
166,909,0.12201493186283818,0.698296394588205,0.40742317077114354,0.5102657746354712,0.7654987058515481,0.39543425196532955
124,911,0.11426300825346014,0.716336800129603,0.9191692870779731,0.20097742640987393,0.12074233720784622,0.4132886505902525
465,793,0.3003196691230158,0.5124803622670274,0.17159799124716568,0.850408548053435,0.6118689191713708,0.449656916816964
241,352,0.43121496812583504,0.870387605402543,0.06152690381254433,0.34015320923575953,0.5847660704832264,0.44967445282892793
25,59,0.2985422487521395,0.6724368027566785,0.6534673837817484,0.10277676083840148,0.5381306291672862,0.43892785675982265
247,711,0.7631870823952438,0.36266465785701696,0.5945363406217563,0.4160010449228776,0.48424760347356155,0.535854513131374
230,429,0.24526584310929966,0.01969435359863425,0.9520305058577333,0.573961763169679,0.6638606041882662,0.4804177537158267
432,990,0.08477474277224473,0.059161646497680076,0.9064684210548758,0.6098853339390975,0.8518106554557561,0.4693467155052788
356,698,0.41379980988414755,0.3517982616417863,0.749430390220571,0.8356078453038202,0.16203663834884097,0.4330695258128997
96,539,0.773379288138484,0.46210532519868286,0.019157237878252187,0.5414068237934746,0.8141313223715929,0.5506595007836683
76,986,0.8505619435867413,0.16687111950842504,0.48038696840656014,0.22371048306735009,0.06147564434405195,0.42423556394889594
302,800,0.7333448483633508,0.1893283064226321,0.8961019365370388,0.26166633073590806,0.48212444984270586,0.4946294443477652
24,458,0.557886678499744,0.2302113587793363,0.4336510881144773,0.10084058829440268,0.5114655208908595,0.3835992221682198
160,19,0.7241917017491767,0.7805133395762727,0.9621457196129947,0.7359242892362617,0.19758583161416254,0.6448335836072887
69,93,0.6813895353038614,0.7712878409517714,0.6524879806439825,0.10594154649975795,0.0896731053565375,0.609934299269009
11,444,0.23436663249506084,0.3829389854137788,0.10945712754279413,0.6058126322747955,0.07491097546197312,0.33737767329006246
459,562,0.5507588922031937,0.17236438158439582,0.5092720751866835,0.5969473940466132,0.03723398504328801,0.35492436117684373
45,31,0.770609332638432,0.11090838506346923,0.6956171356451476,0.7855035569753578,0.5735930241189825,0.5301686668745939
5,127,0.3171206618751382,0.08712931204717322,0.06536897223962068,0.0746296996854211,0.15547461055460587,0.21350620445642068
466,704,0.6539731467169314,0.3912792508993721,0.34464953207076743,0.20291134351117135,0.8087047494299412,0.5653459569686851
94,751,0.4814804275187985,0.0455424333211194,0.7170810630539863,0.9095623770231385,0.8989527210333922,0.4693245249594135
408,30,0.50315885094502,0.333635037126335,0.1570713623070341,0.5722368294620122,0.2924081602001163,0.35945336056508276
16,508,0.09005503778215973,0.9615332425411374,0.3483398982705226,0.4576902131100785,0.16446642997870864,0.40455986803828925
77,81,0.6662171653053798,0.5075046156100387,0.6899103224672339,0.7476762654622817,0.40961187562008283,0.5623939621940651
56,723,0.8656870353545201,0.822644656835189,0.7755409018641138,0.9025304510891583,0.8815702012845593,0.8622631151939482
353,834,0.1414312880258628,0.12926594589539908,0.5185117938254206,0.26300963694954893,0.39981918334123223,0.22972480608863488
310,869,0.36610566221644936,0.26807878240970484,0.9568575277000096,0.9014756288113434,0.10833629601362293,0.44760786982272194
238,598,0.04866745484083501,0.9465464445440088,0.9253308587989965,0.10869462604075364,0.9846680927625059,0.5898055593747511
121,629,0.029631885976391104,0.3835518969340236,0.4734370539077851,0.977683047729878,0.4996754712192716,0.29773146215259083
45,926,0.9896584966717438,0.6484061284483223,0.16027441011132237,0.16485182509961016,0.3423714711909117,0.45607220282563393
285,612,0.49347150830638464,0.9761267791625894,0.7729315638839585,0.26623636860229394,0.8936207898442049,0.753239833728131
116,446,0.3555190186352464,0.5507877563307355,0.24313957539314401,0.09659394009164124,0.9274034938726929,0.4047343233863623
295,754,0.2748770766250189,0.3053459492287359,0.842821309999105,0.8036765068866004,0.49680446650865606,0.588995397110721
344,591,0.9800126449449591,0.5319484559520623,0.5871443411550983,0.9842320620416789,0.30671639379340787,0.7874423372298851
424,842,0.2522507855216837,0.05463719933085931,0.3940930063977466,0.2969765085697681,0.4826338195621567,0.24492192947411678
247,525,0.7257083957377433,0.11236987409269117,0.5563833585825442,0.32561196040179385,0.21928195117018712,0.5394877974558434
3,869,0.2837580958059338,0.0071711050522699216,0.5328087684579272,0.27897990338000256,0.47823809793893135,0.33999439019465183
141,45,0.07048950535691911,0.8842100415650043,0.9247328458999177,0.1548281002149251,0.22943110567610459,0.4447777169040647
426,37,0.6832766145179413,0.6712804288995956,0.21436304976156284,0.7874442167386926,0.6222027610785109,0.45865855037762604
267,99,0.0016308476298648733,0.2983297651327481,0.9281584525516764,0.06071984000912245,0.75988918106968,0.41516650412386236
309,556,0.6757485115605695,0.2211614192073046,0.0313410414598555,0.9677741304742827,0.9694277882755549,0.5080394915947868
229,709,0.2503765989898231,0.6830766011577799,0.7692032815330766,0.9273155245090483,0.8425704693043837,0.6404079884267545
82,217,0.7461042320715012,0.9195320647852825,0.9196681307115652,0.1184390852842464,0.08613484480655365,0.6509702383842692
448,156,0.7697501673506494,0.2991390910521107,0.39405219098652955,0.5295238512104824,0.21152287994165886,0.4120082317478822
386,860,0.7241072388175379,0.3215591093867818,0.07306718699526726,0.9928513586443369,0.5316918578787055,0.46992296771619113
497,750,0.02448344146761039,0.8542407251937729,0.8046675314937101,0.8526192490484263,0.257590994188999,0.5410711583679129
427,648,0.7037366196437684,0.8933758158837523,0.8428648556917351,0.7151337259585594,0.01436520708330058,0.6589872962920562
146,488,0.9901456140557632,0.9140365668297785,0.3362573879884535,0.022460945440901936,0.7547909499110205,0.6902481476854772
127,420,0.2426253685256229,0.2931542080066948,0.5185932856859061,0.06837744536824142,0.3577720075875708,0.23432901096861924
124,21,0.27423857222533854,0.1203125675963489,0.8094690680101495,0.7940170984426924,0.06610003241986184,0.368120265964881
459,188,0.8135265495805395,0.43999757199854206,0.19204297725011954,0.37644485419096874,0.5088364165226363,0.45083930414693707
278,897,0.16039680505608056,0.29576486514118105,0.62897575639127,0.6684318774590476,0.9772087131483904,0.5072062137834424
227,339,0.6605836755045515,0.8838666668118358,0.43063065951581914,0.739181627043158,0.678538626422761,0.6442618129137091
484,704,0.7550263775005784,0.036634941803544874,0.17441575225426353,0.4221841775250891,0.15876611324267864,0.32179792936603535
302,704,0.03716066181935718,0.6338804696362723,0.8314402072509596,0.14338175070077952,0.5142955859296973,0.5355880486518183
454,310,0.5537620942652262,0.9061813657481139,0.3246808321999267,0.3866945030792118,0.9017224548934856,0.6162092435634962
492,205,0.5758772585358829,0.976670366806066,0.9344261156550162,0.8710484423186046,0.054243666952088376,0.6770286458613044
40,691,0.3034428973917942,0.6501305992980432,0.568933869819802,0.3310857790319788,0.6378932007649366,0.5254259503188944
181,94,0.8763446693975172,0.9499229570223799,0.5145099813847384,0.06264944259457306,0.7212729897808976,0.628478938967107
367,495,0.16274971929985638,0.07565946262506729,0.4233059442193591,0.9591314171847817,0.7040116993145091,0.4164563329946764
406,888,0.3641947095058605,0.35927834599623976,0.4006708898563054,0.6806769089738685,0.1501704185470848,0.41950243317430846
75,711,0.8486686871473293,0.008714697326733689,0.8179662748371039,0.5408567519375659,0.9072785317152614,0.636772577638085
159,764,0.1906427566059925,0.9811837721908184,0.677500849486126,0.8291073466812379,0.3222713327130726,0.4003854998279967
274,84,0.821374136327675,0.9027264787666992,0.7736901311234224,0.4111606780970959,0.05174202339100509,0.6627386732092332
399,200,0.07906917736795571,0.028052556248201355,0.4210841596112086,0.9851157940105953,0.08322093448254864,0.16230213246785397
57,275,0.48922906718999004,0.018132650459765975,0.26143722470273545,0.8575730693978237,0.45757738179969853,0.4141885811201998
300,293,0.07533066244570341,0.36696949410636615,0.08686521852818196,0.28054474165599075,0.03998200207904712,0.2183944448061957
148,194,0.6779035850615143,0.2585379667909018,0.7766559899840447,0.37104798717763987,0.7795525177682635,0.596774936087531
108,972,0.7906014890556002,0.8469322772425022,0.41527643051770413,0.2757429641984457,0.865823505970318,0.629261064589238
258,165,0.8498585482468028,0.1604844032718623,0.509223592096683,0.6593408428482387,0.013373175021304862,0.5395781547756092
207,708,0.9812622507439888,0.7906494627008573,0.46934323519704535,0.6393319310674046,0.8100135033272438,0.7582318495926726
318,587,0.6720157222995868,0.5544596999906632,0.4311378563692402,0.522505873512717,0.9812064690993978,0.7161473240225995
159,610,0.7690619138400203,0.3773917714049878,0.6838995770678498,0.965840374572831,0.03036816110574947,0.576255047383101
411,215,0.5057582783213294,0.14571976173337875,0.6087341157586086,0.4722752881776897,0.7249672446196165,0.4912172635380091
39,308,0.9127369011811262,0.997691305959671,0.9720537986443055,0.7837223941965653,0.999094078797637,0.9228757885842923
431,606,0.6437583821994626,0.6179861209215367,0.13890390764923166,0.6580951171766698,0.7971185862939543,0.6311299049709198
15,299,0.8835514062513434,0.43938223256799425,0.5735193132327168,0.5181849401446683,0.5053570030351376,0.6476585813483628
368,694,0.23545201701388085,0.37112755655273166,0.06324016340231398,0.04209510721139831,0.8848229720731247,0.38514306808064963
173,40,0.4967377807180643,0.9057282306308553,0.8079184187081999,0.6574950238201316,0.7079324249025358,0.7178535016595187
192,73,0.729818921063804,0.821191808190761,0.6163113332510931,0.6425950842762254,0.29245165046039634,0.653281218050942
10,728,0.20272175456268327,0.8111857883682237,0.4283788159925379,0.12487399459254811,0.22431978207726977,0.4251806115751543
351,617,0.21133979326197827,0.6161984729623928,0.8022356546439461,0.7959149753606658,0.5125443927046205,0.606498869044301
83,44,0.9780427404056374,0.8879565826958018,0.45500260849157825,0.4669940834450421,0.37299052402161037,0.7598871918036616
329,899,0.43461036073720605,0.2992783721220704,0.22778609531344718,0.3241460144048087,0.3294679908080017,0.3395059107337636
362,5,0.18181545292377166,0.7037061351632893,0.4725007611103369,0.8239593858459658,0.17792481672688487,0.34119505760225555
422,955,0.331463881981506,0.4044477423918925,0.07083179663733918,0.3433709594978237,0.8452860031716979,0.41636675791399597
354,729,0.3973761482659256,0.5999988085596921,0.8978611096393875,0.6218507912838264,0.7050145006448767,0.5447867828999928
151,988,0.6230852574702211,0.9981530006126929,0.7309583747344611,0.6179148014564922,0.33132146965874343,0.6958954907432096
369,948,0.9230146590477525,0.9845247806753183,0.7603157862150277,0.05280598257326696,0.2376670815851868,0.710241101252737
413,313,0.986590075922091,0.5126190164674482,0.8744933040184423,0.4228336305747159,0.12813791300863586,0.5896460635526641
159,756,0.6516987589111125,0.5738634521648246,0.7915725888150836,0.22277874993195645,0.1125129546723529,0.5550699811652969
62,211,0.6999223607977247,0.897321769137301,0.4318525902534398,0.19957066190105588,0.6254781852170899,0.7421723495573636
445,472,0.32182916969658903,0.985635712513855,0.11863640152544963,0.6549618886272098,0.10881717806692537,0.43287344835629415
74,240,0.8571585954487491,0.7786078026260798,0.37336477998095274,0.011409995285753705,0.9602126239769673,0.7099393615331121
297,486,0.2177983352203149,0.0651844579586307,0.9340847143797223,0.9690789782144964,0.2791351016120668,0.5250152129320618
118,872,0.10638064931096758,0.32263973434386395,0.9490904912313797,0.39539100600482113,0.025804860581831623,0.3889327172637328
63,436,0.9732559900976508,0.8965623399203079,0.7678708655237956,0.2988035284449051,0.8553297238431848,0.7956292011522131
388,93,0.8641386768205322,0.7683525058504805,0.2044305830713875,0.9199743999374573,0.3675873958503002,0.6512021353004854
72,325,0.30364513453813335,0.7422330710244271,0.19444985846416063,0.48667214210684495,0.34296588297495967,0.43969288562277314
335,786,0.6751707163810492,0.6679232304681411,0.8797715108807204,0.6143252514852777,0.11862061181638328,0.6964025982921775
346,522,0.4670183574131995,0.4152638496323835,0.14191592301112477,0.6958507486369615,0.6604220582189083,0.5016555548627174
31,560,0.3231282061454709,0.4032413203447017,0.5841374773324892,0.8714112734844635,0.3587933715894335,0.31704223955894756
87,431,0.28677421076029486,0.808932487590801,0.3782516822790678,0.1297419898170561,0.8229945295667228,0.4575288723885074
397,293,0.13602744522090648,0.2937802917650709,0.3020110079611765,0.08165317909202363,0.6306183036301293,0.2739122354228166
254,598,0.5493180822758392,0.6848318727009735,0.6773820256769805,0.9937107843347391,0.8799123525939663,0.6520733761890753
61,633,0.4465966901175078,0.7262085234239566,0.9595690766519378,0.008883801626070498,0.6225611579880763,0.4167129291279156
495,898,0.5121864202999443,0.8445559893615288,0.7776337382402986,0.7081947536150259,0.7792782297197487,0.6717519565103562
133,618,0.21535716747940448,0.3198855907070157,0.48616259310155396,0.611065361958621,0.6965392849047252,0.40721796509807384
2,995,0.9386106707732477,0.7418892668382021,0.4407115082022164,0.5525510217091669,0.4625924246406662,0.6535775513084127
462,826,0.6385911963305415,0.10648989757868688,0.9076641883223868,0.7858279591800934,0.6886739919605512,0.5317694029165865
9,79,0.8996006573833368,0.13806172895190472,0.578107098473754,0.9924729476354587,0.6636170175583433,0.6208801277842667
277,392,0.10927116603275544,0.41733604017340153,0.49663902306619523,0.04688582149392739,0.006703619926124449,0.259291698367334
496,385,0.6228509658561748,0.05522577635524728,0.6828358695314231,0.6145304926431803,0.6986379387278516,0.4800477921271711
289,4,0.8494618186441611,0.9476983214653384,0.23715381712952643,0.7167776685390507,0.26215950182284586,0.7187827726365037
292,181,0.33092077981446666,0.9018958105093605,0.06373548757487968,0.30593930617301857,0.5418228220000308,0.4522503587979364
194,762,0.1951431691359864,0.048933695525843146,0.855111440485344,0.8928613849209311,0.11133238841085491,0.30420897599130287
64,352,0.26502130580561967,0.8383117218922788,0.6072617006994568,0.45699284144971186,0.023022501572340093,0.40346245561797744
286,148,0.272933726749799,0.5088741740900253,0.16487710122506882,0.1644784619519467,0.015119708775570229,0.2501413941410569
448,288,0.44719896492353517,0.7019628883735499,0.2980479265007472,0.8544078160203,0.1581945123729359,0.5341009880054406
46,275,0.32596360277933156,0.8869311692981873,0.9899335125895308,0.9429256204246439,0.019892506610151628,0.5736005782530829
440,175,0.2712740727079913,0.5769744870776986,0.6344236324636553,0.0995149183687436,0.13239742085101847,0.4121156492389153
208,102,0.6485122984051379,0.11632710028462945,0.6361121409671224,0.7516808671545532,0.5591736053589743,0.5146298658061403
268,764,0.05303237167188446,0.0025786104865862525,0.07216366320872203,0.21501421916521968,0.400272831572996,0.2121910918926615
83,824,0.34036377813972996,0.49692153225144653,0.9689917342439318,0.006722217669021702,0.9807481225906534,0.5874348766920957
311,496,0.6897519659404748,0.9492321321243601,0.8927828895587206,0.26061382288538826,0.8086943602172022,0.7352444250748028
91,615,0.17584974928100594,0.5726218716131959,0.5477824422632205,0.8549098352207469,0.14677575448863045,0.44979270427384843
137,919,0.22092786221291238,0.3729391380882292,0.3093889164508735,0.14118387678373234,0.4167893934610555,0.3365288227184358
361,842,0.20066662541291747,0.030922017080913355,0.6980552283860917,0.13066888299846058,0.4309707965633207,0.2654034947408754
26,33,0.0009261067314049187,0.9149794172782003,0.8333743944718691,0.7390477062001563,0.3621167789512857,0.4657200674795533
224,953,0.4737677518315727,0.3271566608580422,0.7861214098232535,0.4063596385646381,0.49558978067553616,0.5229199632477558
297,67,0.038958789416123185,0.7047774013150961,0.9770473720478788,0.148486072534602,0.6698745454454652,0.5017970094717168
66,27,0.2729398117749001,0.6942372021114649,0.6368553986669425,0.23000037648217175,0.6408897156596528,0.42611831420401214
148,403,0.9948034245919716,0.2538831613687479,0.3212254315588653,0.7946019249856044,0.35709916413355336,0.5719080210996755
172,746,0.9183962113902998,0.06377750646072533,0.4979276130685336,0.6232687900580196,0.7050456231485226,0.527282840222998
332,81,0.2150758081563342,0.38500037867184356,0.8163171679506165,0.7609287725664985,0.2894853986634326,0.36777185566802517
488,293,0.31000243191393273,0.3171310138371999,0.2653425872153774,0.09777323898803769,0.8354678442263802,0.34284368383990094
418,263,0.4637045822685515,0.7002563988723258,0.23140825494399142,0.4581042828497125,0.9643720432640257,0.6150692968723634
95,397,0.8444135466592435,0.8197824956598391,0.7248345803264707,0.7971062507813321,0.2947366544488952,0.7875608022278973
10,986,0.8026459413930911,0.22244541739167467,0.4444274265154108,0.265792750868431,0.7846885527704313,0.5769107851717042
26,332,0.12624143656628217,0.5282310697764423,0.8165703951897226,0.1691889683760286,0.8134258038577272,0.48563868937280785
298,209,0.12444884834835213,0.04060834738816166,0.1436835861589889,0.38178389381719213,0.49076337453487895,0.21780621431304986
78,123,0.41673225389404467,0.2142558229334619,0.3356964631494067,0.3333799738387807,0.08774731165304417,0.297155247737195
116,198,0.8700953896137721,0.761761605322083,0.2680999065901012,0.1854727788822036,0.7861818900992841,0.5863110196250622
423,134,0.8820849990955023,0.7933983204890724,0.6978681480662735,0.9539449253562585,0.40747823823251983,0.7137898427920556
437,574,0.10736584968653018,0.7764044634518033,0.7593292133266495,0.4830984045554402,0.20807127550175208,0.42733819893716146
419,421,0.5742972879655516,0.14238792498827013,0.4560026958865563,0.6080763561099246,0.6266502325607795,0.5239598311409701
127,498,0.1556751971251129,0.5510347274684173,0.4780293763989356,0.12110690874959507,0.4369381056807642,0.4115530595675217
310,832,0.6861293100027828,0.4227084144433829,0.13203188278912947,0.6100350881315129,0.0875724486801821,0.3580677711183438
305,580,0.9164332479289065,0.9914862967950905,0.7018280938130524,0.5553226932084637,0.983674629066707,0.8689201867917175
93,156,0.4547692924755936,0.6540698690583361,0.9923176335992474,0.9319293277730326,0.24466187024414532,0.6081736379034003
277,377,0.0830827746920515,0.9352020913957291,0.7779218408318094,0.4123168010720437,0.5109650554796455,0.5244311348870266
263,313,0.5792541958945455,0.1453503050084376,0.22311232318762808,0.782062100476217,0.6672882617310237,0.40623360801766256
198,826,0.4085166701358547,0.45087327310022907,0.6231227395942356,0.304180978462122,0.11508936439869155,0.4778639508809906
376,307,0.8108987523339602,0.7716076001058686,0.29495681066425294,0.5789403563278805,0.7394100938607588,0.663023110727726
339,139,0.34034446392638773,0.3678577280304026,0.03017655291628296,0.9269703972441979,0.6482888298391255,0.4008512861991258
266,736,0.8748972004725892,0.6325084961536467,0.17982285565583356,0.6250713107588963,0.4937528973068017,0.6043438312899311
363,428,0.27370040763478487,0.5117021723736607,0.10259357226384136,0.7111586837665084,0.528329991668681,0.3295312382155208
381,96,0.15751763588868595,0.9919294092179923,0.19593255356819417,0.8759845252025904,0.9547950274403274,0.5706695453130772
283,690,0.3064803773185799,0.17387254006549147,0.7956044214490035,0.9254243633087995,0.910897837268964,0.5768260855123141
134,211,0.03491579182274651,0.9353486953301278,0.29283213403043173,0.2082748752030671,0.11198332387128729,0.4141378735604773
379,868,0.2812459668742413,0.40157095380329677,0.7570399509451119,0.19583803162918523,0.3687520530669005,0.3536803814391004
359,832,0.6601176338820307,0.4679929663772945,0.9488625548427708,0.5504761269087858,0.5167714317696186,0.5614393083143719
491,370,0.14228297855659233,0.528601883689979,0.5742731150677747,0.9955163763063611,0.9199758459017815,0.5303447310210068
75,556,0.11136497278658797,0.26536654943357985,0.4854089420100546,0.49015232331077996,0.8165633294540459,0.42379202813231887
210,568,0.1323852912543504,0.963657442610793,0.7501271755902638,0.3309049631034272,0.3864827029944141,0.5396981076207454
462,653,0.07755167426146636,0.9114872052347894,0.09709013989309001,0.5372612749330885,0.8862104055106454,0.49122782368965123
257,70,0.8746354118429396,0.9729051002113627,0.42821208748488515,0.06439577411570185,0.3781577956321234,0.5864101118137621
471,325,0.9441151154965282,0.996919572209523,0.49882459493206066,0.17720677030991405,0.2711929358043095,0.6620295898758896
7,171,0.046561151728786276,0.669800095180972,0.8310513103983777,0.14892041734650996,0.6098926265575995,0.3441989518222002
18,697,0.7600717815435403,0.4516854958057447,0.8142176602312994,0.027915545071051873,0.35590175481480335,0.5528388557277859
398,70,0.7371517467171977,0.8507339014963048,0.8482653598499812,0.7222123030452839,0.6224075599225856,0.6608534636099845
179,517,0.9969094246100404,0.023804877836338556,0.6978729278677018,0.32547454586182356,0.4096840750452244,0.6052317833506271
260,728,0.3478706617210682,0.8344040447135034,0.5305558071848376,0.1685363112420898,0.795769139626882,0.6330334465953519
214,948,0.2855089916904162,0.49728602421100665,0.8278793213433822,0.5122437705256234,0.9543109733739132,0.5769532654902906
204,288,0.45308212080982724,0.6732200270834178,0.8732824152552696,0.3234444059720648,0.2703091788714289,0.4761482881088809
469,8,0.8565751771491905,0.3740460613425076,0.4804845926588137,0.3930177707980791,0.5100100842442815,0.5811699094242557
47,724,0.7285936425378988,0.3686231538668159,0.9856619078887716,0.3155318170618111,0.7244324353025886,0.7410409377304445
386,2,0.47162381396750275,0.03171715281088772,0.8748181249791787,0.003983514358832152,0.15851909520714969,0.3723430480901106
444,67,0.2445628432858732,0.4237894304290133,0.5104696654214079,0.688328864418925,0.7959061480773684,0.5288781518553407
329,990,0.7270157412683711,0.40835419541933005,0.06928759534710638,0.11069047873405968,0.5829719616454273,0.4083073668401742
198,862,0.8545268680421961,0.22479110186807127,0.22449205087189628,0.21914239706296945,0.14974052391208148,0.3582690619554959
80,707,0.39995123106749086,0.24732327353976746,0.7763985793762849,0.1903170435638315,0.8682295868040875,0.4828189454993099
341,835,0.6685854458209842,0.5841395804425117,0.11115425699868475,0.33136729549870747,0.4267012595258094,0.3696480309883658
234,76,0.40021202117659815,0.31777144253950307,0.4698000663192632,0.1601976794963561,0.17661934592464879,0.449183578155738
75,89,0.4784934381414848,0.8302519090172897,0.6048521921047275,0.34695212418795407,0.19539636433865037,0.543068616511331
180,301,0.5249103799549136,0.11138510685706648,0.8783468283705153,0.24326434580773415,0.785506399766325,0.5464797986389164
480,24,0.7757258140222779,0.5776449465750436,0.8471138628934799,0.06121511317241102,0.9357161605849783,0.6699552624143179
133,888,0.9775059841289311,0.16004472713910234,0.7642779210597328,0.8705629771698292,0.37824992225414933,0.5527580287975924
90,57,0.44436616263823236,0.5282406269206588,0.407694242611199,0.30558110709871145,0.07882807530723279,0.46058191758387407
341,544,0.3423150062476059,0.5525458869503187,0.14224925434229707,0.09528214637638055,0.10082307945385738,0.23772748697220591
100,853,0.3735910064723913,0.6422976865257292,0.6696493095578478,0.521526378952123,0.654478509193851,0.5743479379374712
460,735,0.13388906937518164,0.4274249472728937,0.18128862248847266,0.12327551836880324,0.3707517105896756,0.2733752311197768
429,235,0.29693873781772273,0.5094746851292544,0.5613144834086158,0.7730932014568469,0.4261314973457936,0.4736397992408514
491,470,0.08644741326880623,0.18095261608129332,0.9806781824633444,0.06157794323983956,0.3370473781484389,0.2847937037307739
456,548,0.42789426317924717,0.46301534973632963,0.5503097758072746,0.4646359499442313,0.4655385659895781,0.46299683959085974
122,768,0.16735726931104888,0.37303038909429054,0.6455568672604475,0.9438263301157783,0.6435494528800647,0.41598866116044536
106,426,0.3464067459744087,0.6661311046544097,0.6775754719161738,0.15896905365841352,0.5411391639047859,0.543496558918666
171,285,0.7935777493916063,0.43482172349648607,0.8303883576755049,0.20136867690549798,0.16424142415147758,0.5862068549148864
235,795,0.24592765058913602,0.7793416509802202,0.43498067810704877,0.6004649113952157,0.491288651943804,0.4882795108194029
440,886,0.611894621342069,0.42599209857369214,0.4975099010524977,0.9798540715953394,0.46061305910634154,0.528228183697277
367,489,0.9011814192486128,0.23577117297395866,0.17597201392458994,0.38583574828559375,0.545737248053641,0.5903016788286979
322,28,0.5669291870295469,0.2736887189585846,0.614679887737502,0.6486450927772066,0.11067003104038386,0.377798728022122
439,501,0.19379261277241266,0.04528522509163657,0.2957580063243892,0.15231706278163393,0.1535271230427352,0.08964081126104234
323,889,0.3447661939659543,0.5399188106009101,0.5076247488886996,0.6413971332643023,0.5302441781079469,0.4795105516289748
190,989,0.590369207184066,0.8308808839003218,0.7665571935098978,0.2526620649548932,0.27543504254963336,0.5918215183816687
207,401,0.5066111397598535,0.7691117068175701,0.017569904681986603,0.6132876074913306,0.629031688711347,0.5583378863623001
258,150,0.14861983627690378,0.4377894663384714,0.5639155265843732,0.08866120808360944,0.3727513826791602,0.36390107374213226
45,572,0.44679634469056895,0.1961203551445122,0.17344501731068973,0.5249690217053291,0.22073474766543577,0.3048413893248869
371,830,0.5430666949102484,0.8634844432974528,0.27938333978385366,0.2374049946732404,0.6563947883273283,0.5818843941116053
326,945,0.26733271445757245,0.0567810340450684,0.03471328008699792,0.6817087033294134,0.39390766964251445,0.25270303705773983
365,52,0.6124455153398519,0.399222725202494,0.16946276018590223,0.7476697870683154,0.1576124705097246,0.5210185732321473
267,291,0.07016009948520985,0.8566151423839511,0.9866293932871518,0.8481425305593974,0.80880897927029,0.6513314635702361
391,478,0.3366070335655168,0.3931766874041964,0.9985227611993119,0.992395368919082,0.43175871194061444,0.5289303212095922
474,99,0.8042768327775744,0.11787547075695992,0.7198479198896475,0.459354779653232,0.9150703397226435,0.607842585415572
285,886,0.2592848009081554,0.2659495003457961,0.6118568547711936,0.6705944172073243,0.19340092851540247,0.2317797966476651
222,113,0.6051768500030782,0.6000294417429484,0.777006953099265,0.01842371625212169,0.8763502346064732,0.6186243358016785
53,665,0.41002971371031194,0.15203590769457087,0.8965542721851617,0.9050870333062111,0.8159099706990691,0.6078730679645495
389,918,0.3164601424152468,0.6549353268423558,0.5193050595654082,0.615743145528579,0.10391582408823086,0.46980378045785826
452,685,0.9161316879100269,0.43816193119924574,0.03528399941770122,0.4213449792732371,0.5316813156503174,0.5282512865135147
350,763,0.3432617180803835,0.3343895008205219,0.7093958205800527,0.4343127427606507,0.6536828601464468,0.5024007158218129
432,264,0.23667590148701834,0.24092548052316387,0.9846025020724225,0.7579956463603956,0.49548219472725497,0.5334393620803946
430,827,0.9093013156402705,0.8233299858567095,0.2580529559719613,0.8334700035358941,0.3902630841859357,0.74338161569704
399,419,0.7459443559358149,0.39667394746340157,0.46346556546109996,0.8079036763148518,0.9438421273637037,0.6603843884893286
251,62,0.6817997136981974,0.7384792656062277,0.36127440105128117,0.5105846530470237,0.7008208597422195,0.601790633261673
50,367,0.04953494206687581,0.44035519263738443,0.3904674942298634,0.3711466375680317,0.9658698775644909,0.2693618254888695
2,350,0.1312049607157758,0.09186718688677942,0.7213999938753569,0.9455393614155355,0.8462303108531916,0.4770054378314177
102,521,0.6383399638096628,0.4405059751672604,0.37840438975605006,0.6341995247702099,0.8171313982161558,0.5890591487755634
216,265,0.2094328365262602,0.507687779735764,0.9410841254587267,0.5436534089942116,0.7256322903000096,0.548811779803777
372,462,0.22563798563035908,0.45784219349337685,0.7896584537635604,0.5983189320282927,0.6460792421452668,0.4624248395800714
228,428,0.7791385153436107,0.8162417117482725,0.02764702508769512,0.6298665081862826,0.8868620911123618,0.6876049522102008
12,327,0.28592494883694264,0.9108513490430293,0.8185488820337248,0.713072884106904,0.6134097726630633,0.6276570313373284
105,696,0.071587302151916,0.786778675211034,0.7728574224386586,0.5531846950411659,0.07528840092519162,0.43763296802666113
489,306,0.0364319473098611,0.5827819022109597,0.5164937283812335,0.8753553544574786,0.5825635189933015,0.43204443925827596
494,766,0.4431779872452878,0.5414499605548907,0.49681739674641356,0.8597142142737162,0.1028351515867747,0.49156864573525444
189,251,0.617128577684646,0.644616030123659,0.8355269034669534,0.4422577446528374,0.9493010701224266,0.6425872959618405
402,865,0.8688852333918029,0.2878302964393745,0.42478528916303493,0.16853611212553654,0.6466689761012863,0.5595617526831053
359,365,0.11080439503263928,0.8118468461486851,0.15946234329329845,0.5766557137711008,0.5556462834133568,0.37306359475433504
465,41,0.1966728262882963,0.8568481776036609,0.31289883284903264,0.6207395221311821,0.19782113273308777,0.39325059563533427
443,150,0.5298006109074711,0.26721716318183053,0.26520240335748935,0.5233795739537352,0.5157670498747804,0.45274997199367484
314,806,0.36410836224197507,0.9028182081400776,0.6810590296514503,0.8905778132739662,0.3425310038293422,0.5618348754849214
197,872,0.48253745124549463,0.8487327239916674,0.17887335004084526,0.0930202570243659,0.6753861680086409,0.5475011573339903
313,212,0.9241246489842154,0.42448676748251024,0.644772436432807,0.2874185048352005,0.6044097974593572,0.6367852301903224
160,602,0.5448916538646872,0.9090002020927456,0.46596694726376187,0.8657898463226186,0.49930709000705864,0.562972146825162
174,574,0.41512061061207595,0.12043899381150813,0.8396609294117818,0.9394133130222055,0.25274100144435085,0.5226543916200543
304,134,0.9894399066997448,0.027986559208900363,0.48499874321746794,0.4259250747025686,0.5257431304011215,0.5377950238492419
286,452,0.06521566989953631,0.34786682559405435,0.9298039345693829,0.1926439818409379,0.4616968857452247,0.4007174186226221
290,694,0.9321134483711719,0.565435698827345,0.9004691278855878,0.4203294965099348,0.8512658774623256,0.8211717315948855
192,967,0.501661842065483,0.3514426145328662,0.18528757910402283,0.456166445424136,0.894337341362785,0.5301450050485623
205,847,0.5037563377671381,0.9420677336713595,0.6861663523518836,0.5195693781625502,0.7592491541084093,0.6997727609616808
6,98,0.9219643342032092,0.25471022905514507,0.21462474912077523,0.2743530801829511,0.3196399566123109,0.48943747498384926
301,238,0.5073239795930695,0.28121339359267894,0.8233043062304577,0.31262740711682246,0.03808951041815367,0.4426968673274587
288,437,0.4384070905301488,0.6348276125448551,0.6357231545365691,0.655587631346092,0.9253359592438786,0.6045894328886792
467,151,0.272488592117199,0.0038638823417082024,0.29411769428165113,0.6217941509966394,0.9920122516586692,0.273345524780624
252,571,0.6588167668174209,0.7275570523545992,0.24912362838350643,0.6621025151153346,0.12702076232250803,0.5253684876256974
234,9,0.5696450909797616,0.3774694830931572,0.42957765504543,0.3772849831975811,0.6856160237832024,0.5606942224957701
34,114,0.21434543694778307,0.977747867643296,0.800722971461131,0.33645683849989216,0.42514653548972037,0.5954695046287153
99,48,0.7094129150613248,0.6914175930297486,0.7961616090394517,0.35153867297293895,0.14852040483907947,0.5489713630580586
169,296,0.6440868573366405,0.052214955082343084,0.03337622555493547,0.9511764854896684,0.998101310965567,0.5126639615586122
189,762,0.3973338842065408,0.09262780874197363,0.3022872154709001,0.3952451031443228,0.9332288544617742,0.3668499064325171
181,178,0.00440092190355057,0.08816810692415855,0.4228509634697176,0.6061323963379256,0.9826088762827137,0.2113357734474977
197,987,0.4465811501761877,0.9526222598919437,0.5855820134442432,0.5228431871665385,0.14389625437014508,0.6140102603459926
384,270,0.006058117130251728,0.6840515412175877,0.14952700881469905,0.8762218159944921,0.4919245253229946,0.316877551399655
66,45,0.07499848929903985,0.4276060072889357,0.3352830205289248,0.36911680077947906,0.8957741633213641,0.45677187594977886
166,336,0.4306099024808341,0.20048268988003104,0.8855970205679587,0.4341444443561705,0.6751584457790407,0.5584999286601938
82,748,0.0819198841853277,0.8736397464358032,0.47654751341364954,0.8427942887822104,0.4346018032915837,0.47637514023607963
154,107,0.27566543378716624,0.20155592767134045,0.7441432260434394,0.16095761402990583,0.5166942408795777,0.39848514708532323
342,72,0.6554913685589684,0.7066792164758174,0.4847785064963399,0.5942945478753,0.038601604701056225,0.6566885397613564
24,849,0.30861534260941903,0.763324361545346,0.4649825764004636,0.39990820764380397,0.6115171768142922,0.5581309576276284
170,592,0.9976485941215104,0.2946560888554083,0.6219255250835041,0.9857915589252276,0.859715516700262,0.7367901901037975
12,343,0.9163020339149811,0.5049147371706423,0.25936451218961754,0.7213841168006198,0.0027936265412819017,0.6700073522766462
477,756,0.5853099045855237,0.22298928231839388,0.24980209930624997,0.010556262806128203,0.15996467764772404,0.31223009029210147
363,844,0.9669471386349304,0.3789296574554981,0.989353854891609,0.8394739004466438,0.5179901220053216,0.7734239762220798
122,359,0.8680172944325221,0.9651343982800088,0.8689920093192223,0.7031796561813116,0.5609643260208658,0.7831391448319014
99,561,0.31889851884048703,0.6931380346544302,0.7377548964496445,0.5609609155826433,0.343352345166426,0.44036804365916643
50,11,0.7495962459853094,0.8466142061905151,0.13714453905553325,0.23612847588431707,0.027934479994540795,0.4773742381445233
236,306,0.13683178400394735,0.540599571466741,0.03022471118476666,0.14931665040769027,0.7436000955498389,0.3106364538964936
376,595,0.6845514243787411,0.23903974215135615,0.17541250419709298,0.628399562858418,0.24292511824514296,0.41594976693398616
292,197,0.49108182649458043,0.7128798566671936,0.93773096450752,0.4399402728137639,0.6445773019008013,0.5827827752444608
440,991,0.016825939252824718,0.5005679607905664,0.8162897702489879,0.8616203122311297,0.5591467410776473,0.49651548451394406
172,971,0.27422982239037075,0.1768488681070587,0.5230760124885764,0.2623735702776713,0.4308380824599254,0.2804401594361632
139,258,0.9553822174042486,0.41242988961821025,0.9687805913683772,0.637519980846249,0.590289503278365,0.766210397445603
239,396,0.3158314850884807,0.6348402190163059,0.146582102902301,0.24884303665901764,0.6950387439706619,0.4586623602647645
101,190,0.18145445530144066,0.7353318566822382,0.5591504400060369,0.6363170790932884,0.572244317945962,0.4797922898607908
487,504,0.18753144657220833,0.24322079589035173,0.18322212639870983,0.04834464221571333,0.5575254321026822,0.19398139064758607
93,124,0.479213264641949,0.8759973393493311,0.3064286048043059,0.39170742681438453,0.43607774685708667,0.6058139057699615
239,391,0.8426492406705349,0.379551107074678,0.9401350189632256,0.17268561586575137,0.43003452247211527,0.6611288974348274
261,555,0.7580017651333465,0.2711367178927484,0.8682785165486835,0.6059339962234745,0.4909659850294138,0.6106775263920577
29,612,0.4368520075377743,0.1951200554537248,0.10179878563058609,0.3167280531777318,0.45207791215603976,0.3731012535760525
234,596,0.20872688343696055,0.8041713344029736,0.24954380556093847,0.7715326176767493,0.4390245843070142,0.46073969535652204
227,222,0.04606490010219111,0.35416457496606246,0.5945074695820506,0.11459436043001825,0.2103700712104135,0.23325169390341435
130,792,0.46263031948273103,0.48339902788793465,0.06135278734082439,0.5562130669192423,0.7248379210555691,0.38617130191658944
64,692,0.8147753485181917,0.22281982356387564,0.5500846473514374,0.5936778629416548,0.1329524689095044,0.4840751897796229
23,753,0.7296819935943137,0.6860910711689315,0.5844914357940106,0.022104099720065995,0.908710422668323,0.6844286503006638
5,468,0.4086007676272503,0.7810334075524223,0.2909671813304595,0.03598571085049862,0.6248462107721586,0.5428454818986371
241,892,0.5947026719176003,0.3394252489533416,0.2931229801251234,0.30824017232801837,0.04890067912327478,0.3612263397416569
45,390,0.43624652094621763,0.945079385371402,0.2290792687700708,0.6090754394119121,0.6589986997482541,0.6333732516809432
479,805,0.5790161097901778,0.03061060956023609,0.9356763701960428,0.9626299951622065,0.3615142615058172,0.5082694265333126
123,204,0.5175052443935492,0.13294310327404035,0.38887114069907747,0.09078350998866302,0.9297648443806453,0.3757247539995607
326,248,0.680966600125159,0.5887870315604908,0.5852690631138904,0.7031627732108057,0.936075486489708,0.6139524891549657
337,527,0.507708843533124,0.7014068620483797,0.3015745742535145,0.6927161221227769,0.8459283818528465,0.5588281547958464
248,556,0.9406109981675586,0.250682989509059,0.7026640044149043,0.6694742435034768,0.5678489019739521,0.5740787359844709
441,746,0.4280281815816862,0.5540710968913485,0.10144127105864253,0.5161473415322018,0.9191776913052113,0.5771814523175833
56,298,0.015916303039710922,0.3183862470428127,0.07164154309466397,0.9668259506101438,0.6498081890728588,0.3148184060289597
117,872,0.23637353540898454,0.5540892456215902,0.7442837605818863,0.5017751384886814,0.8751290554711104,0.5349572538557893
126,330,0.500606858106656,0.6593276777642525,0.7266679583153499,0.8382970791992078,0.16005319927114237,0.6542853444640007
68,534,0.540571851888662,0.9728080535690574,0.26500133614066224,0.26252060287466383,0.9041803134312038,0.5551395750405671
148,932,0.5523847893120535,0.4556968600211837,0.35504671272468835,0.8063084993068551,0.6615906945654674,0.5236613066645681
157,539,0.7145520982700821,0.6482160402713806,0.9572605013328223,0.9965457339389333,0.30327392313872303,0.8130010912852291
382,682,0.2746481426175279,0.5780392479199319,0.10433029499531432,0.91008598777376,0.9978135271809002,0.4812489162825818
151,908,0.6649036790414772,0.31755489388757296,0.183147066546671,0.3040717187519454,0.6868839673544731,0.5712696963922625
438,974,0.7040322731192128,0.25306413169772035,0.4300383649732332,0.8461574758483994,0.9084160580207288,0.6206417861148666
386,499,0.4112807526208263,0.9878707217447237,0.2820989060555251,0.0952571230287198,0.005585520977017477,0.5024315233145701
450,417,0.40216909914632204,0.20685236170151533,0.6490085486322071,0.6777075596130526,0.5523384095491858,0.5195317884621435
53,197,0.17892478565644976,0.7902752670742368,0.6906017229466844,0.34214623298668656,0.712532623572703,0.5305412369018071
492,537,0.41398737625537374,0.14658739102076102,0.5263880838900952,0.658670089595598,0.013736889118711404,0.3096376365074091
307,918,0.7868162917070124,0.8043512693612508,0.6111973014027698,0.41224900757946537,0.7625592251228497,0.7092089336653237
491,487,0.9089730055498839,0.18572844298954805,0.43342083202034487,0.00903314982532244,0.6514481931676469,0.4550820976084191
178,349,0.5936131913179654,0.967156644016167,0.760387253725166,0.231276554047951,0.2747596535926964,0.6329940284266745
476,108,0.2993703433542988,0.6859876565745173,0.04209849784626973,0.042386232858316,0.6889449463477486,0.37708777949491873
294,390,0.6822897186597314,0.09011824367582888,0.31289133665588087,0.4272699227998513,0.13090103899694383,0.4366186417435397
36,237,0.7401462086960039,0.6931771194590108,0.684430041394894,0.8400712867281831,0.8240371987688065,0.7695006447770458
205,976,0.33221277878066235,0.6036207627815519,0.3296451078753825,0.7379967589750783,0.866225117258504,0.6383623672802903
69,528,0.8265478614895467,0.3375462466939585,0.07853528044294944,0.7889121862440657,0.48547693027849725,0.39179352949292723
470,137,0.07369583213834008,0.26073599775671463,0.3450134284667753,0.8071996488047292,0.5074421679483215,0.25227953984525975
152,68,0.010753717600025525,0.7187607817481522,0.7114947717886633,0.3719397880434755,0.4020543608663515,0.40495013162581034
111,850,0.12297077263205258,0.7413613729498658,0.12198486525331775,0.5060257294933985,0.3453339852037999,0.42365594200836587
276,931,0.15600834782750972,0.32720584895253657,0.7246313642116545,0.5084511700854011,0.8728982788534476,0.4498312382511079
213,763,0.8789290329477213,0.8762271108395037,0.7754557163575756,0.11320851693607237,0.3048731757875396,0.6214871171448829
49,124,0.42498170222128084,0.26882721888849126,0.6353007444226989,0.5981421221282742,0.40285001185439173,0.4297469564565849
408,99,0.2749316919703817,0.06986442597481102,0.24423404855814423,0.7201797790003355,0.29991629644451234,0.2059179332754108
423,198,0.42907511598681936,0.5998678448275786,0.8052953571950614,0.6109678191132942,0.6567127607927264,0.5296709750647008
371,751,0.3948408927006323,0.10707057283161614,0.21444250177846536,0.7459659347095227,0.8142183311115826,0.48477914539417144
308,765,0.301461667988017,0.27666406426648527,0.9058209521713505,0.11889126812485673,0.16433582694414128,0.35972776441737075
201,838,0.13789958241196532,0.5071863930484379,0.7066456991420821,0.7614089463341772,0.2547425158952318,0.4325055279719437
271,97,0.6559154619738806,0.2863596223572976,0.05471992664705971,0.20814010336847644,0.10410770852874418,0.3110908787686555
260,154,0.13660440277965535,0.2149963424200444,0.799287118661663,0.8768268228395328,0.16018395702689214,0.35372332477880497
83,900,0.7754244526726743,0.7031854149056544,0.5064335403599074,0.24493131235079557,0.4068816244557152,0.5532027208892526
41,928,0.2016880132804536,0.5469993414022956,0.4526488963130514,0.4919923836904402,0.7758762897091389,0.43783497021415274
127,725,0.7313713071333117,0.8397612482502805,0.4205111926984868,0.48726629665663423,0.5416179349689149,0.660285036579469
227,106,0.805586105695467,0.5812395946554776,0.6066300664409169,0.2688503203920135,0.05327627788716338,0.6141199829861664
80,69,0.12532600977445074,0.48344721177377836,0.7245785007829613,0.36170958441959444,0.6250867496839783,0.48068105875463196
54,56,0.08674576828800407,0.2612563516107882,0.8959766157245607,0.18559674907559198,0.79530416888832,0.3474350969020635
426,692,0.9495727706536599,0.7920658750912973,0.2729448129472253,0.5701006974585494,0.393467801576563,0.702934123452537
188,846,0.4630468067525807,0.19687100856436723,0.6307762729104237,0.9130280253334802,0.24501260137216652,0.4661136420644922
292,631,0.6302354949729884,0.24222841097316028,0.6863426114681299,0.3166075723616504,0.7639377281970877,0.501911639963866
262,262,0.023260440121767756,0.84158859675307,0.6747971397868926,0.5080626097714577,0.023906238960925474,0.41583176081278933
367,757,0.2787101805563399,0.7411925257292111,0.4930006477829699,0.8618806119086495,0.8155910244157336,0.6046523891915188
370,60,0.5053976545593862,0.6128734889795205,0.3910225482037011,0.4524990469454725,0.8042595815441999,0.5512836675707573
148,828,0.8862183133894039,0.038920530786573426,0.7623788170670917,0.8312603284579195,0.8879859306942076,0.6684074792846421
424,891,0.2714394175643763,0.12725761828472648,0.30000980404080135,0.4463906651698697,0.08947994062362463,0.18816169741299538
186,718,0.7751913198587196,0.49995746018760967,0.20805316239824312,0.4402424667108733,0.10775848190462489,0.5589870146532736
417,879,0.6622129282587018,0.746338923482891,0.5458291937601238,0.157239962179342,0.8727528239271435,0.5445871314584525
203,586,0.11527076780574497,0.4641008641918233,0.26761085766217696,0.12497882442661401,0.47526276716219884,0.31680847660551303
56,468,0.29337517279199654,0.017293024414783087,0.033233162764539026,0.6114967442944877,0.39233850741086496,0.2373210641857972
380,323,0.23786403643861975,0.1842699986668217,0.05157574338230542,0.8273335246787206,0.5732935651303658,0.32861641618476506
16,921,0.4425275875732855,0.5887666996202181,0.6950105263868747,0.13540648685019363,0.05858307015644004,0.4058616480804874
386,697,0.6353342430475842,0.6942170596879913,0.9731458459920731,0.9100939461069877,0.6437161698960808,0.8048103785464514
22,191,0.43341975550850664,0.033428312711904384,0.454688383626075,0.35887980186433643,0.945083153589398,0.4015721006966708
104,957,0.24453657575180598,0.04333175346050033,0.14706112558473416,0.4252572065208218,0.6757198941670518,0.1981790940312569
302,60,0.6958787682282754,0.26131011545636296,0.8180832105293531,0.8944534020181291,0.46453511230918354,0.5420928890728367
470,587,0.5844710947114898,0.08350169538656493,0.26143589697371983,0.8962964503214064,0.9608809886114886,0.48850097842057555
204,191,0.5193139074156919,0.5419462321933647,0.9956264616038806,0.524858876911572,0.6885164139034134,0.5663432961974195
61,664,0.5544195974459784,0.12370198195668047,0.5632641658270601,0.2767649444533409,0.05696043571006648,0.4361500668623408
117,413,0.22190064629382356,0.6482193349014225,0.23263254856010063,0.17193947233817586,0.6700465318131316,0.44529852835844186
448,437,0.6804310610924562,0.777225319307587,0.4960047695243439,0.27158004743054653,0.059695862752942586,0.6250912022580484
363,671,0.3875005355387683,0.9705166637521067,0.3353812718296486,0.7806273976251249,0.307229882789968,0.6361739776020396
51,756,0.3634678197300196,0.9484069616377143,0.7794719846269478,0.32459080221364955,0.6156834804027174,0.609252762295517
193,380,0.14973420826677053,0.2733651502352782,0.10581588580805579,0.6945614610330086,0.21561601618686344,0.1927568025992834
133,997,0.5968373345504464,0.029409602623172826,0.8570027170325483,0.19520082227959712,0.0381891845942991,0.24916397023633208
89,498,0.6026644105465065,0.32941221611176796,0.7673368942641347,0.4785036326888996,0.6179536887798869,0.5368514663859456
423,161,0.34030064366652835,0.7084801187126533,0.8613638039014875,0.3521062160588222,0.28585728288301104,0.6178548403885509
309,7,0.8598500568655341,0.05980120927253929,0.8949937460416648,0.5036123233202306,0.5329642243391982,0.5408174016941706
90,203,0.8454578987154283,0.3597126576714287,0.22977782294308124,0.5699452909201765,0.2611455789046211,0.4751914148056249
325,691,0.1090543064824313,0.29803454754690695,0.5210058072286208,0.9909349646344452,0.6864288469288122,0.3857554013258025
207,539,0.6950383878099182,0.2193456358189767,0.8499222201663773,0.8998950471892022,0.895701391159704,0.6764268404042566
31,338,0.3938347561850223,0.7061307547303153,0.3773879721161115,0.6958664775241907,0.08656480279564194,0.5170363123437888
225,481,0.9997148510628928,0.6590970050243741,0.06040757679563247,0.1537434705304187,0.7863186854547586,0.5331318409296176
93,838,0.2250236296846524,0.5354940940343433,0.29163435653851655,0.9190285563392183,0.15609505512034905,0.3076357985421294
123,571,0.2805242054144894,0.9107746396815976,0.24192031147481086,0.8925860707079997,0.32940978717931113,0.5732360609511228
439,59,0.4421062945557275,0.10313885273027246,0.8700626186891045,0.8867034300742388,0.3573652958249568,0.5113576063908651
355,50,0.26871514868066315,0.14968922447813082,0.46384634940914826,0.4790168643530559,0.20630998901826092,0.2766852773261831
67,482,0.6919933663865142,0.3834496792194131,0.6835442374463132,0.17070671106105684,0.07523434086303749,0.5538792375419519
425,404,0.48090811218148055,0.6558820518629006,0.9621191496915854,0.7544032149689216,0.7684864802628129,0.6231286257753053
287,850,0.22087883484954018,0.5840792922454121,0.29918785238520373,0.3885150389904235,0.7936275392732756,0.4765773533428412
437,583,0.5063740694865626,0.07404268746793197,0.7611995575273958,0.34456828969223496,0.9968332903780237,0.503232721301158
373,757,0.8887877663650384,0.9584248037464674,0.022764121518721425,0.39078201255927736,0.9346042489953271,0.720391385555744
170,585,0.7923956468500528,0.3050648164613915,0.10411617531152817,0.5590705574658124,0.4346424233848224,0.3365539468807103
267,345,0.49882892442682103,0.35897261378309386,0.1618650900032781,0.333518830744159,0.1333880145417733,0.31208976603543975
265,657,0.2884926031419477,0.6236297990434235,0.3124183368725084,0.6899206109981184,0.010700008019525198,0.4123757961825011
360,621,0.17988646470252778,0.9451655174597346,0.4029872151293784,0.6477237957436626,0.5315175384971502,0.5121882612307651
124,720,0.8783828771868954,0.662688239103272,0.47701589073225437,0.5088626138269003,0.8605664108328479,0.7673262127259973
167,190,0.7101669404986963,0.9547733295477041,0.24533134628339748,0.05397323168549528,0.2679037395805204,0.6074828182558814
123,641,0.5721633031474584,0.18759111882047896,0.06621531961013594,0.9365426823711723,0.19894136798806916,0.30735712674568244
148,286,0.8794346459536684,0.618809928972935,0.6775230918402433,0.4116962831203902,0.4389533717708223,0.7022497610417293
81,790,0.12169028737408949,0.8288788918762848,0.023661353534264462,0.44945319428588726,0.8935328009522343,0.37780118659816275
19,798,0.6824892860020683,0.5090244682548472,0.8094706348587248,0.45603251224316566,0.4516738317704446,0.6099521278836982
470,625,0.21671231241323197,0.36217367582934046,0.9291548251512014,0.3650279582384691,0.7227129059977144,0.5191042219004302
38,946,0.120577441015987,0.9847585300318772,0.7103689136596344,0.6745879106180097,0.4625262101746933,0.5195102235696681
444,537,0.46560851000693315,0.1409873403966605,0.5959605172748319,0.013917695823849274,0.3729588814429442,0.3908034026332571
2,26,0.3873929297643537,0.41092952752865664,0.6570185293286328,0.8735083293106788,0.44091205449614246,0.4785738204750909
388,606,0.9411736093251855,0.8733737525606602,0.6522220466175943,0.10243902526956028,0.7684005326733794,0.727609036318585
164,777,0.3239795467518164,0.9004807465059209,0.9317051360665005,0.9997136751048175,0.7544060558780097,0.7571199029344943
259,102,0.8149022590520024,0.9803821015597741,0.9643058711939674,0.628082629176721,0.43175817861540033,0.7682007198701489
141,105,0.7488270004683447,0.8848475922643815,0.42671164190822175,0.06624647410468398,0.2676174254286655,0.5336278143448567
245,273,0.6679238700585363,0.050957025387412536,0.6170791761484181,0.562437059426841,0.13912703908374524,0.4657028164008476
226,844,0.9204004729600596,0.9297664996274883,0.8028070537341723,0.3313077924656147,0.0013696943752317114,0.7078872685408174
265,527,0.4079245943813421,0.4281671914067853,0.0010381571721375105,0.9530432231262337,0.1132575830732897,0.2692137926089785
197,976,0.38967118598286565,0.651619187456582,0.5270159168277156,0.7554710047818848,0.164655265191898,0.528236795200932
268,873,0.16094742358150937,0.3942758691671191,0.6528763398176977,0.5070146686484364,0.6899377909810886,0.41129053622960676
412,555,0.27576207549506915,0.8136680766135487,0.7172054497375816,0.4297773995074745,0.8179158769287559,0.5251011862614118
217,679,0.8797764560608707,0.5759192763227661,0.36878940939628113,0.9958688657895364,0.7369456662312089,0.5664336237337619
181,331,0.474382132911368,0.8455446425540043,0.29564442061159224,0.6673840849607608,0.7232327672023553,0.6332237230622797
66,91,0.34135332219071046,0.19377147152076724,0.1821425665679085,0.5139297423912409,0.9943206147241189,0.34482254099315
180,399,0.21611205508217113,0.18498309475490227,0.5578155490526845,0.39794411742029534,0.9625977393209906,0.3446343340991669
63,592,0.484960250243615,0.440376801584787,0.9193034322521215,0.3245828574405618,0.2688471951292366,0.5441984684524468
92,183,0.7166653704645288,0.004751544962480536,0.8959781507240482,0.7054194238016294,0.14510074954835672,0.5279797621526475
476,222,0.2866920254570754,0.6928529548962581,0.3599659271576924,0.5878855149060273,0.1532982379356882,0.3736421690439501
45,15,0.7577165208126542,0.296053727808011,0.25785513993820264,0.8481848353039325,0.8956066707112827,0.6176909333008241
241,734,0.6297877747249184,0.5572993462144499,0.788793822670777,0.5535607233033744,0.10234684795578419,0.6594726790846048
417,899,0.7875625625397042,0.07000356046084688,0.7249800182441882,0.5823313901318106,0.3401441688814204,0.5753535904199096
476,827,0.2509096288749123,0.17064435938269396,0.5053398311374923,0.47735649484318043,0.5303465284210724,0.40584242824297234
74,380,0.6310281447330454,0.6228591700219328,0.3890302595388575,0.7626209462910666,0.6134505036831875,0.6068154141213795
82,593,0.1537352794888419,0.3056626271110431,0.12379790374517496,0.41499217609851824,0.5957326378148747,0.25596902437908525
186,960,0.36379698216463674,0.2147219425856337,0.7851385890922365,0.8519396047299149,0.7864077221399248,0.5202081142633891
277,591,0.7243600948428013,0.22884650080776792,0.6174644435816974,0.32704476115479997,0.571693263542767,0.538508088201155
479,296,0.6316683855799359,0.21481936472549545,0.3768816797380167,0.6926250463809654,0.8510465393314273,0.4526255804080236
104,339,0.18786072533752196,0.6228509494305482,0.9187879760667995,0.8929708990996522,0.08463022407218479,0.4593510783127235
83,727,0.8583426720925291,0.16769121446945712,0.6596727064118622,0.7690738636961211,0.858965453560144,0.5657248437819999
127,446,0.053350982345181874,0.36270635917989036,0.9292388668437462,0.3426081425159513,0.5900031607770035,0.42705027734999274
437,837,0.5952156885166495,0.6878868655934522,0.4744124603396439,0.7063390029507729,0.22293256585035048,0.5536453963136934
15,864,0.9838205002316063,0.5136710573476506,0.4546178240639299,0.20698481460997364,0.9777431886978666,0.6492120057114272
190,36,0.5315047318427486,0.5972808707754839,0.9372392903140796,0.058165079451809376,0.9397342737288298,0.6840211045830039
60,723,0.8006718199594207,0.2509069794637485,0.9597914282435333,0.7913817396448508,0.8457258216737115,0.6486536054215964
79,370,0.5951809731891021,0.9327148731652056,0.9607673188788862,0.8080091152316655,0.9115961356134713,0.7869350688801346
458,520,0.7830883149229926,0.4138792483163356,0.8188973939074429,0.0229309389155975,0.3821417210453065,0.6008164616314513
1,265,0.6555941353552872,0.28696393661233455,0.4624061448243386,0.9477950138699737,0.22780487244958947,0.5362914749852802
161,368,0.6911320145375287,0.9043261840584723,0.2102992942690588,0.44589982690516916,0.1829038616592319,0.5077202610336479
457,331,0.22781115108638406,0.655289615264387,0.38344088127782827,0.9052721474353892,0.8737599685109173,0.5420472656549162
304,51,0.7418209135729177,0.6139458631384505,0.9382974915177886,0.7881745256449069,0.8266313489010867,0.7275640310207477
36,782,0.23790988666433077,0.8867346521661681,0.3635542950802999,0.9006535278087123,0.9809383833349374,0.593106621659148
233,143,0.9806402751425881,0.05854028627138441,0.7567174268235375,0.8333756331170686,0.848252101454097,0.6779378877127296
485,376,0.2277871909612047,0.8376795120075803,0.9230043510911079,0.9739953695868242,0.6323659139264902,0.6826296394969307
200,193,0.2366840035976563,0.6778643643051009,0.9703921628814296,0.6291010012757868,0.14228175087155004,0.5346800381648247
264,161,0.8586731204838641,0.35999279478012935,0.9476741468753561,0.2272588470525021,0.16484753835423038,0.5982460967006598
266,374,0.24298586196281913,0.2563513425238556,0.5550575977222759,0.38956313073298754,0.4736995267963757,0.3040814390016697
330,918,0.36090279349128296,0.10480589988155764,0.49188007465087036,0.7518792486190812,0.7677955311443656,0.44261941444688624
94,944,0.714640161179027,0.94107417024669,0.9876405087679863,0.15696927880306155,0.17327539017775218,0.7164301966357618
420,382,0.15874858019476323,0.1419121033295362,0.21817920458030682,0.9298423361790197,0.9155175079288526,0.3914970271184609
494,505,0.15907175482750224,0.25943853573088427,0.1875302616847626,0.20527891362893147,0.6837907304868559,0.23720770468030145
72,985,0.48635842326661893,0.6911071795694699,0.9631822977458351,0.8759747381796104,0.3123090904464195,0.6915438996356245
409,235,0.24369675423272685,0.7101524378859926,0.6891948218241696,0.4837239448385878,0.8857595921605502,0.5038606903252502
408,944,0.23565795556903357,0.16076870460259396,0.5363040097981578,0.8406201483713408,0.5986303681809407,0.3704660271430629
371,106,0.00923892141851268,0.8141311607656276,0.1320497928413057,0.958295697477779,0.7331584820251265,0.42474181312206055
186,226,0.37044959119794796,0.5102872691763625,0.5132402490163293,0.4221474520757248,0.3854422062555577,0.378265367477482
234,338,0.31825055461840324,0.8484566781151089,0.944221153521555,0.6966045409179036,0.3935505393133275,0.6105910510321585
419,38,0.031155810826670405,0.08728538984754453,0.6028913233486717,0.22671760340935176,0.012617570481470386,0.18738479701001737
77,815,0.6212331782136635,0.042829999093689675,0.4046286224395348,0.8007857166785385,0.5379020227550093,0.3474784437148669
414,855,0.626655182003354,0.6369903814943497,0.5511030014651284,0.8199256492831074,0.7607968058338668,0.6338424168824678
460,383,0.07080047177365889,0.15002379710981684,0.8861450870177845,0.29524570403279604,0.9688245135866038,0.3234033090412128
341,836,0.31704156290945307,0.5249490457332999,0.9128486611353276,0.024140762470689858,0.8922268367082375,0.6472445035023783
171,772,0.8728055319953978,0.01410875928450872,0.4000881656528953,0.4312052517798246,0.08699109135275496,0.4121802322779205
280,801,0.5821670682445784,0.7799292605482002,0.608061002434322,0.170000534245212,0.9805201203568085,0.6616141717668809
26,802,0.41197472401198787,0.8995301701785016,0.27920261268283075,0.818551080268873,0.14948068900085054,0.5201963642447598
465,573,0.4651019284640959,0.838882761964288,0.4510852961584765,0.2610972780171562,0.041114298392083026,0.5019712323525658
171,111,0.20827999443580514,0.9583528131504183,0.2198826367831429,0.9436927925465272,0.7489298354682253,0.6016652260415877
29,923,0.811881500707928,0.9030957546587897,0.5314722618655752,0.9718089610768892,0.9058864503291513,0.7305190084665193
397,609,0.9140047054509676,0.44401801829036525,0.578240134964662,0.9088359240704614,0.9497829060251897,0.7997138513829765
329,901,0.9106640422500436,0.3983482084436466,0.33783673613077314,0.5996144777061743,0.824976107766212,0.6863527406484914
311,959,0.22393439169229967,0.896183667971543,0.27211830063864817,0.26742800398591593,0.20490621571138046,0.3998112968407269
27,187,0.3107402677764569,0.926938795357227,0.15102560663145193,0.8072584148330358,0.15400291449441106,0.45305174462183945
375,402,0.1606227748095368,0.972835948318037,0.13954366620615977,0.7015953812080143,0.05896847757145285,0.2431713226889179
319,193,0.30720113363231316,0.7683172348427827,0.7114611157141176,0.9771683470502623,0.5819690798941232,0.5493445105222785
397,51,0.3328053721226003,0.20198882994138034,0.22163800357270336,0.3772520073162384,0.48722117616304106,0.33141726080590367
413,966,0.6331057370646355,0.9449541361107224,0.1179770211065605,0.05876799916772013,0.10928360843637153,0.5320658738661057
106,923,0.18964638154812463,0.9471414668162196,0.9988716897642888,0.9983863288389463,0.4648271186715629,0.6994581659118191
106,931,0.9193969243677436,0.6661313639129715,0.259916501889057,0.8382636394388755,0.5673235905344871,0.6594743679015234
461,883,0.10309947008530995,0.8572802663494847,0.8960483154281321,0.2214896882985491,0.7229546435104984,0.6513453710834425
265,649,0.006878011034333054,0.5611764211639523,0.6091859537519174,0.7256278658996539,0.4141975700334207,0.4491458992650069
219,522,0.8549451286305332,0.9441269454117227,0.715070166806815,0.0006901750647781979,0.3183524470784397,0.6636598719344522
144,991,0.7037698077660497,0.09393639659209119,0.5609189114996354,0.5578090578835805,0.6656791981541298,0.6115371418869129
319,552,0.3553598703559985,0.8639636964847707,0.1808111950599689,0.3628382410016284,0.6842236430455453,0.4428701330616505
377,642,0.595499705910118,0.055503629037139346,0.8470515714526026,0.3813330412376269,0.2704285566698187,0.36704170992020346
2,212,0.22354410083923337,0.3391070522180205,0.8279727664867842,0.2445198061720758,0.0198230822371267,0.32380472020021245
276,746,0.16838964864537598,0.13532564261526192,0.34968546535026745,0.2748452156333441,0.9456905697425194,0.2856914964411648
496,819,0.4711491351387228,0.4791350924629122,0.7638506964114639,0.4546686638561511,0.7552864064591722,0.5544118995697837
141,678,0.35318782972096086,0.23224615799246995,0.5430402583444278,0.24814503547777556,0.20110433446335396,0.3675106286206277
141,499,0.6152300505352921,0.9520723793339971,0.9090491405600647,0.4664399468694379,0.565665650993865,0.7341918018618895
439,198,0.2181491845610315,0.5593213336534095,0.8028243713039679,0.5773477205704556,0.5949475306760694,0.5124020263199222
31,34,0.6629277005606187,0.8977307363037248,0.04099576980203079,0.7111114228525101,0.12598863199567922,0.5244603260995712
199,627,0.7668615203028132,0.27805846905115095,0.8792759721912583,0.677145650682818,0.19165708733955822,0.4562751213123596
229,683,0.1666361430284744,0.025977559946560813,0.9685664179784899,0.24198927310452334,0.9567065164637879,0.3421403958749976
399,772,0.04385828341791598,0.7756550036839217,0.7421562026251037,0.0391895904281131,0.5080108600208977,0.4163575012458508
65,950,0.43958737530133873,0.7023776599719719,0.11991353084706802,0.8326818660931307,0.19144221939347605,0.40129141320375583
217,497,0.7740240859924371,0.5454916456741936,0.8073758898371202,0.8723128429645932,0.7975747540940085,0.7253334382369582
77,829,0.6507798355741427,0.8153427297292126,0.6474890426235859,0.9788895197332715,0.47057330253347274,0.7672488079630156
394,716,0.7018817204145913,0.8400843726481325,0.3388263175219802,0.9597115572361877,0.6384120832726937,0.6763613661356697
316,277,0.4028393399933684,0.5879033080181738,0.8840305511926667,0.633814026692984,0.2975015336385789,0.4865319610700233
248,845,0.23494554525306988,0.965927791853937,0.5655666884531728,0.8942717039415783,0.05790409825628051,0.4835367449994061
197,54,0.5317788432846094,0.7197119476173273,0.8529279310194022,0.4480084193213887,0.16494422356404426,0.6651184970099533
77,599,0.2043656937491969,0.6768753761626287,0.6701137485842428,0.787335639725043,0.973036903145985,0.6658650998996176
461,940,0.7262286969850658,0.36142179255864537,0.2885161037049282,0.9553345422567178,0.6235884358282154,0.5847928693585148
324,659,0.19696645595947704,0.0022585786000076657,0.9750186958610365,0.796278557207664,0.8310851985744055,0.3808248025822131
160,937,0.29126326671434144,0.240942673894178,0.5710055479395585,0.41576536595180036,0.02151955792381921,0.32196047511471904
207,57,0.5065447783230054,0.7639205068146299,0.5167552418264589,0.377759247066765,0.7654625011543671,0.6180747634032175
363,532,0.48670993414349495,0.7098712544371741,0.403509628253255,0.29154275418732245,0.48495206654186385,0.5073568153225169
360,780,0.6008493764070294,0.3310221448300942,0.13634420307768735,0.3670635243138275,0.6653078768711973,0.3982811709267642
231,642,0.43744460049991696,0.6255829745384388,0.6862128800361617,0.820576661792203,0.3582050403407748,0.5425285698286665
152,880,0.9194733085100913,0.19528747947313718,0.430799198005814,0.7015003212185768,0.6208688268188903,0.5421183128078121
330,463,0.8399340941971882,0.26362771926904405,0.9346125103556421,0.24987917954172445,0.035619767787757994,0.4778868453519308
329,682,0.8791134512366384,0.9474080939024966,0.9650971686188983,0.7115351285827501,0.04558871253671082,0.8398967040825891
300,420,0.6295165714034375,0.4131805729355945,0.767640855349951,0.3793954660399921,0.7988364099051478,0.6475589835661762
37,872,0.6350079158608064,0.24498759429885453,0.2424947637025352,0.5577725070366454,0.1244652678004402,0.3604487948180276
236,120,0.6091986837159487,0.48710824683899145,0.7159796808039663,0.37036927276934617,0.01398393458613656,0.5044760358685694
307,254,0.4348841544214562,0.3870158797873662,0.020421750965055496,0.5216293528858401,0.9124564896366533,0.4398200197198983
475,97,0.3221060010672626,0.7295290373491057,0.8264005028083927,0.7298038950925447,0.2655317627435374,0.674248492043722
263,702,0.5920028874488703,0.9621161064908811,0.4936185670905291,0.731130650620499,0.5823821632964383,0.7209524298777881
172,233,0.02553183713845031,0.5917374244576918,0.9367396498851864,0.7531825793010949,0.8389169705385048,0.5858361216802858
278,317,0.007456431423803034,0.591147186936915,0.3777600413259651,0.39103879549019605,0.7459070794254287,0.3784647265428633
89,836,0.8516418262967486,0.36483385872348306,0.2631736044838443,0.690495442913354,0.04662782081093331,0.4536582529591308
46,360,0.046424044777622187,0.5646309319752953,0.9950563387560393,0.23871163144708263,0.5609487008588433,0.5312451950849338
339,146,0.5247951503334181,0.3193288663871382,0.5306778715120752,0.47742842041986555,0.5417978670954396,0.5050324639838367
493,21,0.6149877629496451,0.0010920743123419285,0.8631825424104381,0.5831069168032765,0.3500801782104621,0.4267514766542436
423,227,0.1981712296224356,0.8660961728784851,0.9110571640210087,0.6864821872720255,0.7535629813683515,0.6625628385600009
292,914,0.8957308382651483,0.4294440855217052,0.5184687127814234,0.9119959917542505,0.9640056579755196,0.7574437677090491
21,549,0.190095771748375,0.4920884850539967,0.45571392551918766,0.3047686365397909,0.147186653935914,0.21895695182157235
493,994,0.8845149873666747,0.08350091542592819,0.5528859547723501,0.8452859146449596,0.14522400374436217,0.45699976841787143
225,215,0.7629902693330352,0.837110513405392,0.8477395028814141,0.3111242520093307,0.7347360194608691,0.7671836791496001
145,352,0.24074295352419395,0.17033707037759038,0.9646602316007996,0.551909419035327,0.4544164101662782,0.3348695382088523
446,164,0.15074416627609355,0.41062115878431593,0.3283221093697162,0.8280998474247993,0.795218930579716,0.3273292274880229
373,398,0.3162327101862351,0.8402655470638813,0.7386303821198467,0.7231496052696904,0.1410776096470706,0.5326157912001268
375,563,0.3979505662702747,0.4577829402135195,0.28537447728995946,0.8628696688773296,0.0398575441422101,0.40774861185626576
139,808,0.24578467649892344,0.9311523354664637,0.6109530413315054,0.8148811925163735,0.697934074851641,0.6417815109070335
495,368,0.9988915487544232,0.20931430342068968,0.8047895882182705,0.27634726193453707,0.9947110529541103,0.7689153198962968
226,771,0.22965233623958103,0.7152328299547713,0.8864863246612933,0.9929366717118111,0.09479821029570057,0.5426277664028369
266,626,0.830634826982857,0.9779985235617275,0.44871618427924675,0.9369984322070727,0.8643378894504699,0.7881511998063899
375,292,0.15911774709047277,0.5496136372203109,0.36975568256589153,0.43017462123828976,0.3852897407734147,0.29453281387747654
330,912,0.9802446252759475,0.6921838986439929,0.25345161201088784,0.047209475688876235,0.016789545293107166,0.5058176831874619
86,434,0.22552345828308484,0.39322665960100844,0.13341717041818757,0.3034966731891301,0.5100217929712108,0.3348765381332461
151,151,0.42168855478359224,0.7513373397254689,0.3649175686436741,0.8361525305964268,0.2788542071248199,0.5504039093979012
181,962,0.5585640667679065,0.9088740565237291,0.8719778047478473,0.9508704194988337,0.6934031415201802,0.7815117586252086
473,913,0.12028571515609332,0.7030555670505292,0.4188095162106382,0.8316719542598827,0.28783062243509194,0.44930904510757586
357,50,0.8168200674791013,0.9359287113809792,0.317293165811222,0.3967432366045961,0.48170012343304613,0.7182353513803656
183,902,0.27468553268082985,0.5886526519923097,0.7391322445864148,0.05653649968633123,0.20056525134418923,0.4168973015458687
367,947,0.5492699016016638,0.5771374404509629,0.21558447162593875,0.5175828440095407,0.8281017580435603,0.5965217149134275
369,829,0.5496338106932469,0.30462738810915535,0.25628680248768243,0.3763825088631574,0.925431461868108,0.432424978934364
197,255,0.602640652325785,0.7096274911637859,0.9359086483383025,0.12297238717808479,0.40333575421646384,0.614513847779596
202,631,0.05548598652431469,0.8819525217561553,0.08158969261721671,0.10585334638910548,0.4488800325679825,0.30732754295086345
447,538,0.16861876183156788,0.6463162261289312,0.41463118024342327,0.1530368836560958,0.9826836732115319,0.49743241706467756
281,620,0.1611922429233642,0.23303922059858295,0.5767511923948043,0.2058236733846397,0.1421154767246634,0.21314318302320692
75,616,0.30205125941585187,0.5441091147216865,0.2302607156146056,0.7537864093654719,0.8086195145900387,0.4532780939779768
360,639,0.14491415685833986,0.755937416951415,0.2810124842347197,0.38170347050070785,0.5672786058502413,0.318939411528774
295,514,0.9219213207742897,0.9393633148727528,0.22184536474866445,0.4369381301951787,0.880734420904188,0.7613090783338472
254,690,0.5129544505113007,0.15659604952055395,0.3451855720606416,0.598381334983118,0.29242854482691194,0.4281143909542798
362,527,0.6235751477026844,0.1274970909665606,0.8985057550784483,0.9601334774320163,0.2961579662203433,0.5846204083093931
453,17,0.35748817539812083,0.412943530232906,0.4315873465716651,0.7564690489003385,0.32581994805540704,0.4619510822638295
165,36,0.27624614103391154,0.12561116946261086,0.41782901652343174,0.645712613881201,0.016631082322955404,0.3068783815160734
210,958,0.503177170232213,0.9804289125051184,0.3865808801743893,0.743832133607818,0.16989289907805827,0.6082283948751371
95,909,0.2943229748348336,0.42430436728255916,0.9641157269375743,0.7192925211185875,0.9945866411198251,0.6390331590637411
323,586,0.34364592572976427,0.5336105190679049,0.11729943621981564,0.6902492609942767,0.24894857378393254,0.4002691797783175
201,175,0.45275087427085714,0.2270877812927713,0.8718754209393664,0.4964071194998567,0.019917097760639102,0.38681646191102687
171,781,0.5057336871843555,0.44912612353692927,0.3271610677279755,0.5668470801399786,0.27854031403849566,0.4178899335289139
348,144,0.9843140117818387,0.9846939348612198,0.9565115917053534,0.4614914664489468,0.4083901679845867,0.8436898404689357
204,377,0.2233225881619405,0.4886871513669695,0.31522724624365883,0.39495849704699804,0.5477872792823836,0.357092698201138
232,330,0.48797616488264717,0.00882392580448621,0.08287436325632047,0.27076807175625295,0.06856601986542643,0.12421993192087705
220,13,0.14951173948933894,0.24252753025063056,0.5200418843525159,0.3552132012623902,0.790428919704766,0.3018289900172195
130,807,0.3499992327079726,0.9784548304785041,0.22786557930991036,0.42852961730965433,0.8255012681970576,0.5733635510056977
63,510,0.7173107187064043,0.9890675134107325,0.7529898154733758,0.5793794049844859,0.21316057887170137,0.7482588798245793
413,316,0.17446214376057456,0.21049308977170567,0.6573056183279544,0.49987509720301393,0.7984181882349786,0.4066403726502232
46,507,0.5813513075500432,0.6152640878438534,0.6864691579223767,0.10794895427725915,0.3614269074412566,0.6687652704470759
163,1,0.4167010235680072,0.07690833050541446,0.19348948861063664,0.33997365545726044,0.4231101778826344,0.23441105813924076
334,437,0.05157954440447299,0.5774416424446291,0.7086302648851405,0.37619346860163005,0.9363882543140165,0.5018850190200776
66,520,0.9330752414784446,0.12592070148643741,0.3113310269803373,0.7069259651130924,0.8919043909600172,0.6427073388989941
328,340,0.41360314029288636,0.8186615236426579,0.9986740280600711,0.3328920843554545,0.37511071319048905,0.6713208000829423
366,830,0.7839265357511662,0.9395749876022444,0.7317676630740063,0.00795581558463787,0.4881103057226026,0.7231907107462974
331,250,0.4163134887318003,0.17298680804948263,0.5904115074085128,0.08433662333004166,0.2865237880329925,0.3911479793436719
153,138,0.9373603215787846,0.462712168594824,0.867117779215548,0.4969984179702299,0.5154342583486617,0.7000943923976582
10,528,0.29047033442889747,0.10204299847463416,0.5893116997194271,0.1884955042723706,0.6819079028349431,0.43479401298471926
443,887,0.41223064968769685,0.339140007072975,0.5527498667755334,0.4946224112792327,0.09266769727563151,0.44652452106664053
163,375,0.7588642402592863,0.06509775476052648,0.23731560280537956,0.5742053720861224,0.9198411261756897,0.44418215742843176
402,47,0.3436673152808569,0.26454652801742706,0.678111995325425,0.9334379025693547,0.7188739681446799,0.5221125080140556
99,969,0.36435707133517936,0.9902236670893015,0.3746444282494614,0.6555799243488198,0.09675268316157215,0.43449798725554667
82,444,0.9948231734142234,0.04460326732140185,0.04308262781213035,0.031040722633432716,0.8689889919788425,0.5277561641389986
389,173,0.555614525690352,0.8589683296186706,0.8160617963699577,0.3807305182848445,0.7436828662428322,0.7054758532022607
469,615,0.6893804536701481,0.07745257775410486,0.051873166648741864,0.7934569707815385,0.3131268168327488,0.43030527567573584
430,320,0.6434622341536098,0.5289969311173601,0.6723001228405259,0.2605624559899281,0.5214330882978779,0.5585512611988112
375,937,0.8279241471565723,0.4521197924273457,0.1567208914849152,0.924973071500241,0.8601306591896659,0.5214549016409995
124,294,0.861825099441743,0.9315546600206449,0.43256951657086384,0.5290107085636377,0.9681256230902787,0.9079383895252621
456,550,0.5632561324703096,0.19904986228508958,0.8590916585467206,0.0924476918222058,0.28107739594763237,0.44851844295543686
334,543,0.29455607496639935,0.17968201537963513,0.09441954911414663,0.24167054018028034,0.6505581823273245,0.22391158635469463
86,243,0.022800247574969457,0.7487140885678323,0.6671506785526209,0.9062991990886625,0.8602469239927607,0.6044038050522978
65,499,0.6144032510643201,0.7257194731003539,0.6126187424860853,0.9914597511748098,0.988166848842945,0.8374384585977391
435,109,0.8254688332656196,0.6991817704927987,0.8675297463562928,0.8630158925673534,0.07071848864631214,0.6827294957049757
138,644,0.4505398055116595,0.026127116172380727,0.17273487132406673,0.32067668465192123,0.5036219658208284,0.27888953776337416
383,758,0.1647061404908643,0.25995968672490866,0.7997875046358048,0.7688190125100985,0.873665761839482,0.49419334201815857
70,950,0.2880820729356409,0.8398951778542993,0.4501211967413282,0.2222276435962557,0.00315812429952822,0.3535706071194825
140,326,0.5099889295118646,0.6008581214567726,0.4286439124932455,0.38452228744812766,0.4372352196054431,0.4584441309229624
142,285,0.8366812189776666,0.6021949207321816,0.3617843508398749,0.6971681286006974,0.5841987241196327,0.720352880740586
141,549,0.17175314606842063,0.2959166054048117,0.3855741461959179,0.9689013391845618,0.5264903085566143,0.3718732827178853
337,693,0.6121498757095142,0.2601730885569479,0.5199596264252251,0.4391982767814071,0.7327726863342482,0.46463804186415364
457,992,0.7533686139505454,0.9465548880182547,0.10679982292346579,0.4958364210333366,0.06552208695398098,0.5208191311026875
455,26,0.9360475203348232,0.7277552788532122,0.4250658698729579,0.22016852895105443,0.7854167235858431,0.7412367955878303
371,239,0.11670369167885941,0.12686611780183754,0.6519812150595229,0.4032227427493651,0.2831705361334834,0.18112689040473384
102,263,0.9263916341645574,0.9377069421437638,0.4981923534383146,0.06301860769564438,0.8242293865239556,0.7546514600888213
480,256,0.6014675351744795,0.5823701518180548,0.1658294688496228,0.8585858956268387,0.41948792677925895,0.631091408108478
271,464,0.766701587432286,0.3333623669570881,0.36305170179163204,0.023334589214200396,0.0429185918029964,0.4962857873836053
273,873,0.05377470956855546,0.3971394463995984,0.4429616744259298,0.6835245845933516,0.9639147656713813,0.4456094217066282
350,31,0.5061481556405951,0.7254045103526182,0.6688748146329682,0.273221701454167,0.7805492904970468,0.6771972314290994
384,816,0.6226296740807937,0.3762726516860836,0.9007663225374978,0.4761094320331617,0.34781603228234936,0.6261349919387409
476,618,0.3068338398728402,0.578744799118607,0.5503755125878185,0.2815584400997575,0.27002736821836315,0.4091788033273428
291,615,0.43165020810125265,0.7104994966484048,0.6763681281173641,0.4000706680269044,0.5889637284500542,0.6169848784543638
305,678,0.554298135279598,0.19537499730596453,0.07718962543940444,0.5467778864190459,0.9872946028239112,0.5227722450031106
373,116,0.5525479397729799,0.9442414862425493,0.9544670293475931,0.6408934114321947,0.2901668241797477,0.637144411976025
128,746,0.041861525406838074,0.3561727714354098,0.3152086903555229,0.9402861430991164,0.9482711167461528,0.4297452142479229
154,248,0.4394817665788924,0.4193747570769143,0.35429174968792143,0.33220090177564787,0.330387119618589,0.40839849970526126
313,517,0.21381815479223087,0.6985143678678206,0.22284278064151264,0.5848575129737519,0.7040977652577999,0.45260123486768267
33,677,0.9166950780853498,0.6087850893877641,0.08467007176554919,0.9017221472082442,0.3817343577920398,0.5923028437985552
160,604,0.9765799901233341,0.4401198369391792,0.7900467901418512,0.29023180795034254,0.08505222400864876,0.6143778273230184
359,323,0.2996468963520691,0.6497420403007914,0.2404900817061728,0.8650499811254809,0.9361893656132889,0.5431396081690688
488,396,0.17518539725105875,0.9028283075720446,0.2826877353453131,0.9575550963898491,0.16392799471659592,0.5110757166270246
260,477,0.21950415094834308,0.8002836166454186,0.18179627660627262,0.8474937056269137,0.9446914679975986,0.5525602286908022
200,42,0.47775225535295374,0.8242590099547736,0.9748852802988801,0.5698605013415969,0.10330682592885498,0.6079557294440249
220,726,0.8745055991131784,0.25840840856731295,0.7810347972792044,0.7221155399932949,0.2669474449564988,0.5534183391998755
343,100,0.5000362149376396,0.41940334929763756,0.9298996499807005,0.4810658685510437,0.9209234986945555,0.6034646175697772
272,459,0.05539206171529765,0.5538191416540592,0.8617233670535104,0.597255804449735,0.6585408629075731,0.4989820923638671
12,655,0.03988560271314401,0.04419081916148293,0.9062967995452617,0.9744740669782722,0.18948343584169558,0.29483913069333145
270,81,0.22739094562284856,0.7697921803773246,0.479034051849193,0.25112055615554496,0.5920933114552815,0.5176920459206021
200,995,0.8427712776094288,0.3234634244150889,0.17054143735710048,0.7925471225406441,0.18039120803555397,0.4956216773510612
350,377,0.621480557535144,0.2825960780410143,0.3268803343575444,0.5062331497548033,0.8744420676703418,0.5614352497711877
437,16,0.5629578537862915,0.2592920093561464,0.2924515169817036,0.17687325343187266,0.04982860733852257,0.28542131726687914
481,658,0.3189695925826421,0.2833792654200644,0.7171338376013564,0.643535380704444,0.5297776977774984,0.41222927115473673
305,558,0.9294254050461873,0.33801483215783223,0.02567268630734243,0.7924269065350766,0.06347302582946257,0.514032372656093
181,640,0.33117824496213244,0.6048245580761592,0.14204221491797708,0.5687558193233694,0.6950227510676252,0.44659474841713337
222,751,0.8349444126529467,0.5835653219000632,0.6828851202548609,0.8374328009916592,0.9357972351936673,0.7469386872549933
89,476,0.8959035179758841,0.25571175360187537,0.12344235380044144,0.36586861408698734,0.8310664496716534,0.5535673181953888
468,826,0.4833350132161367,0.2064242765732075,0.04829185077040021,0.9137682989874425,0.37172782515263514,0.38647340886614884
423,370,0.8942892694807426,0.8263581900713568,0.10921516461119085,0.6483200999863272,0.23690490547975918,0.5342989202682321
427,545,0.2768032873910471,0.09272333767636654,0.6906741530430963,0.8031593249315631,0.12102749238688304,0.41205896375051826
164,159,0.6584334261832758,0.5128228412009275,0.13932525940470009,0.27298512485830795,0.873623987382533,0.49142255345859676
161,620,0.08796374852438626,0.5205608741892761,0.14630436113648138,0.4461283119029167,0.08110912904741241,0.32757031826642996
428,262,0.4739342140923939,0.5741368068116216,0.2303001967590993,0.9096174117401453,0.6288291915777666,0.45038319451493974
272,697,0.2173318021583479,0.8856501159071357,0.7509107041965226,0.05089555050188155,0.36726746949670697,0.5128438300623026
352,801,0.06276327793060288,0.6239139400947676,0.200352912260776,0.4039817135631806,0.9957783183709641,0.39536190992006687
245,859,0.0037255080776207317,0.9736337662480233,0.0353753967242072,0.7803186580538358,0.508823313518345,0.3071948023415596
221,929,0.32475211644080837,0.8713530833487275,0.9058633555759406,0.743814690178002,0.548790949703411,0.6860470872605076
316,123,0.5895305945367628,0.21474025948721154,0.8763184242909228,0.8516228307693663,0.9178887850148512,0.5324566775829302
406,138,0.45523034765115733,0.24118331022530115,0.1848190008964724,0.7393903346787433,0.9696369032508226,0.4386299579381134
167,926,0.3017692985194961,0.3447741359151706,0.26534258977345493,0.9470921491690063,0.5836364610945396,0.4672612994562234
404,381,0.9912000307762511,0.3915144150801313,0.18855757144364094,0.49825955535004585,0.79618207474235,0.5757015951732415
122,26,0.9395250399796778,0.5529951203076955,0.7195345389617299,0.624289836853291,0.6347667491084464,0.6764704883389933
202,287,0.12565330683749687,0.23251263289633883,0.25000888418923206,0.8477057585602266,0.42740046399361864,0.33472439609634613
456,836,0.41510742666849476,0.22234518111376567,0.9314497573785021,0.7016909498563472,0.05731535727469683,0.43269897080505954
477,355,0.6488469339936108,0.38138995736807957,0.8276410243835689,0.10205671887366918,0.7177438735417834,0.5531440426009603
462,77,0.7334907975299367,0.672023113212752,0.5884011275696732,0.36699645259479163,0.7002627723606492,0.7112219280481464
158,722,0.3663721549094904,0.6881256130961884,0.008938224713713194,0.5525907983318721,0.11670230668872528,0.298131183768404
421,195,0.7462818127353477,0.9761167400402896,0.8836694064166667,0.7547175438615689,0.23006887495636574,0.7316493329701007
468,353,0.12415001291067829,0.20241543392181405,0.7277616465325542,0.5435675688185733,0.7321281868747055,0.4408995271267195
489,4,0.3318126252577047,0.3928591518569807,0.7879073965410064,0.7775492413837919,0.1497119775945398,0.3939544078518422
11,602,0.716433175755905,0.9646774979390604,0.07182520457199104,0.837609476462908,0.6909350344327367,0.7466329289239458
372,445,0.6256827902603751,0.6900087426655521,0.7085601702185422,0.26512827029518105,0.7179771912048775,0.62528608824512
498,867,0.8372102148616549,0.5922785248220191,0.8045894736241437,0.6160981731621135,0.3533438559399261,0.7184883551666486
382,335,0.04685702266715508,0.5396460514013469,0.9566353561570548,0.557110377480783,0.25818184977942704,0.4783557649980137
117,205,0.17439171782304852,0.07551038013625655,0.5804704727824356,0.2273172526548678,0.37303941110361316,0.2583624456703732
381,166,0.04849458227196646,0.8933738088159103,0.5080418519992715,0.4898780892368314,0.359196621392894,0.4184168938257111
53,200,0.19211422424921132,0.6255052154151076,0.42539678998191177,0.5485682845687174,0.6070198057045824,0.44285150033977194
240,451,0.004282810632935008,0.571667407928034,0.7012876809646438,0.8173398752058646,0.7438482997188635,0.5134046762177524
313,88,0.5042103016788663,0.5395003433218426,0.9208213047146138,0.4609893746422803,0.8617526348503638,0.5963430277707831
228,402,0.5283143955682554,0.3919142073211117,0.5997550487160357,0.08091598247594944,0.029992284002114067,0.3288513916553186
350,854,0.6578917814059948,0.25466469136089276,0.2272836415083398,0.48729595823220717,0.7265515573693695,0.5384129010799968
120,767,0.38491244720104345,0.7553219853344842,0.017573950309176745,0.8379509443764327,0.31418601828916026,0.4019992642151419
303,637,0.003207690685184006,0.5095675177616621,0.6191131182675276,0.5712554523275456,0.8386420107104718,0.45280285124022174
322,893,0.6738911544076371,0.03393953228922031,0.8645978880190527,0.3188652277022179,0.07571695974101122,0.4167056632848251
317,780,0.05429108774791258,0.39909449977216327,0.06597527757340937,0.9209709479842584,0.5511745101730665,0.29613599754531167
145,652,0.8661704308177439,0.9286036382228325,0.3975712089613459,0.15565138462606176,0.5486735897540134,0.740901943588391
153,863,0.022653987707937362,0.37389456154086287,0.9400469260809028,0.32687765249330225,0.3265114621752283,0.36568524710151573
129,125,0.5304751232566325,0.4132330079255737,0.5016769958568053,0.43713469062958,0.9703065973533652,0.5342043403848131
231,818,0.8949178823855207,0.6239611230550356,0.22065822978859306,0.7379778879258764,0.10692315116868756,0.5449477710912799
293,296,0.5724895757887801,0.8016748038158823,0.35365641176884843,0.835746792125761,0.13639723353492228,0.5217581993333135
181,733,0.60841674654393,0.6684611177047122,0.4081395661948063,0.058560476245199444,0.6442595981882752,0.5002586693498272
205,913,0.6816108483374057,0.8500547311229465,0.11728951441679214,0.7920358204635946,0.5142992246436532,0.5718309627624301
143,496,0.12240884773046701,0.11397058704069829,0.6607922438484112,0.7205284152506632,0.2644671285520468,0.39225716630130103
110,89,0.6749271008105595,0.9245925533186489,0.5921643290924764,0.8946523048118163,0.30427179645744185,0.7227395756941445
329,370,0.8803548820128152,0.903921932411386,0.6477228778655774,0.9004429908255421,0.1570233087088193,0.7159694912257
408,407,0.9742208328353165,0.5191485865855878,0.6107915686801879,0.7775255586604485,0.8677641389118732,0.8012116686667965
146,936,0.44305199935834705,0.6247422377872011,0.01667206828833967,0.19020268426368703,0.5695188731396904,0.31752398223992606
430,942,0.34450485167754685,0.21281305020140173,0.17446284956631963,0.3138715066560507,0.24483457615383164,0.32834354264134175
285,568,0.753309615596317,0.4479474379813889,0.16557200194586053,0.936319698848498,0.3934207577093428,0.5884970165960118
84,950,0.5428742880953146,0.20270336091981234,0.09795148629798944,0.5981732998538578,0.9066850543048831,0.5407652127504456
183,436,0.2573046544550305,0.021976678941019512,0.7354757731982764,0.5387607343892877,0.886841161653063,0.4672605403522404
4,411,0.17215788496970297,0.9809030681270525,0.12013721447849168,0.9157094400439985,0.06910669111320777,0.444699250283012
20,836,0.1702303005927437,0.2591465157102051,0.6681940734503442,0.8741985740996646,0.6541001382797029,0.49958643119077256
168,667,0.45917703660615206,0.5931083088978353,0.17839030965367542,0.7274961533163808,0.1529711709697238,0.3861130695454563
227,522,0.17012440561565012,0.30025038353786304,0.11831017824792633,0.8822523041595435,0.21088336554825715,0.2498488638818315
398,457,0.019718944011485773,0.3706216202104349,0.16253004861607934,0.11383497719548397,0.8642075922464163,0.2688794936131092
68,705,0.05208877496969,0.3977615585822748,0.50840345653802,0.7575439665999081,0.895190317475958,0.49522473427048386
419,753,0.9298845439529657,0.3350467313247577,0.6454825098577557,0.965640202196868,0.08269191589394853,0.5579974379532977
118,491,0.07296134116013575,0.6373997593399358,0.8119248600576368,0.04897679228140439,0.8739233294786937,0.4315064079660135
70,32,0.07318069058095955,0.9609362704886061,0.1285622054646306,0.22304565179063418,0.7284935528432246,0.43130621790526347
350,102,0.45118844553353243,0.428634650006233,0.6161867473858301,0.7939683888654189,0.7757103632666991,0.5973824638691241
387,145,0.24510028233503256,0.9733267240542651,0.7738395994112472,0.5200471644306524,0.7918153276458105,0.6072526723892585
302,462,0.9626938521724977,0.6677972373447831,0.3124051715078844,0.08661835454126132,0.5072332717379955,0.636506223142944
58,614,0.9109858394978042,0.607136195021009,0.07971557936743767,0.2679580291560212,0.9469076429882016,0.6782748329444336
58,803,0.4047432486712671,0.23710385179892302,0.15594596306651387,0.32405959992264766,0.20035960398059527,0.33437111542794395
195,233,0.4487315194162592,0.06292070589938081,0.09155864756045673,0.32106272184594875,0.504965107517543,0.2941770385504527
225,786,0.3751136530755702,0.8519347702918288,0.8872119310226779,0.8776727494688318,0.3185525798884046,0.6339804491858588
499,666,0.03786611664312822,0.573981063944269,0.37670166836023455,0.6620364573580414,0.8224312428025075,0.5065449485896036
143,52,0.29284683925470867,0.4144138624248819,0.523348605135786,0.7349172783690119,0.08270071212877739,0.3827942727905806
97,351,0.12267346961198411,0.8119673220884834,0.7686881518043146,0.013570088888551601,0.4336784869242679,0.5069580146748346
473,303,0.10237033001512275,0.3105803825773188,0.3714984221207238,0.4275120029604318,0.7734776562453295,0.4393428017651327
77,886,0.5608615729363878,0.7836172559644873,0.6491026546276127,0.3178206280655269,0.31234091155773946,0.614379920319271
14,921,0.09876485771356225,0.327963835405797,0.07667985321843773,0.8519254022401738,0.24047628427044876,0.1983658080284395
211,819,0.1029313237952636,0.9208811864041636,0.48090564756860044,0.9538696539198517,0.26254915479489616,0.4300990227991453
201,528,0.48051371481934857,0.26796687445680256,0.09651896617030764,0.42334084958700524,0.7135901074065453,0.36494075636059403
310,493,0.44228236512263874,0.13755411757457114,0.24828414068022808,0.9730606145712987,0.2867826758388309,0.39252848607234575
438,312,0.13763478513236937,0.6980967083494118,0.29334082759546865,0.014359204043768115,0.4026835454629799,0.35856052371218194
466,773,0.004449024808863,0.16284725306477077,0.7175838038869466,0.3257194042086058,0.5456680874391777,0.4103395382961619
145,87,0.19297444176784384,0.9493630502889856,0.6741041862892538,0.7749311779299499,0.9407600789466919,0.6704138763835193
490,271,0.23589225418204074,0.655555112388866,0.7470800889310658,0.360099630475033,0.794347559886929,0.5228625083310529
316,136,0.8002484436088676,0.23086066128452598,0.06175504723733516,0.9209623303779163,0.18528166422401726,0.37336208536715854
35,494,0.915438350527215,0.20881893428542875,0.9939142121730469,0.2184648924981305,0.8830842325344357,0.7389500741889766
469,300,0.40594439748796973,0.9238750391204216,0.05442002870976892,0.7956667273281107,0.8447674331852035,0.5696148110186291
69,198,0.4050267265009778,0.6078579128498909,0.825747791439154,0.20170225240252437,0.7452245195548688,0.49526896921244307
294,377,0.7124812837598667,0.8937360066724167,0.7402689334805356,0.19710491767283767,0.5169059747719448,0.6835915916210102
395,861,0.626922015704689,0.11022520484582521,0.5917617904918199,0.44574935838327434,0.06981495525731118,0.33924553759180076
125,558,0.18414018669340915,0.9253921955791762,0.4388571651449872,0.9449405883303325,0.7115052413891659,0.5542995074557315
136,823,0.10768912229586136,0.5200493119940883,0.7571323532701827,0.5854549619023482,0.5183421704228265,0.45035195591710914
238,913,0.4376118906550508,0.6684219163313505,0.7398578032688461,0.6350328948735802,0.30977492581795596,0.511071232876424
442,902,0.564828363162763,0.37287547154128065,0.13717833548980451,0.0097326724686162,0.00993800001827383,0.26818580273389486
112,351,0.13870760315880926,0.059140322005826196,0.7926324729608702,0.05661520463176517,0.23104898077634883,0.21803673191523631
332,877,0.29327349340844455,0.9579724413418291,0.07855699743496525,0.06693402566102347,0.6056901775793923,0.4048690272319831
226,909,0.3059429964305749,0.994598329108482,0.5005461421285348,0.8196421746612321,0.11230658633195623,0.48895088919133856
56,959,0.261298201024164,0.36454684876044297,0.6450818265671943,0.2368521217583356,0.6554187066117123,0.3964023277482331
355,351,0.46076126629179104,0.9438679297519796,0.8216888573752277,0.32883818463874226,0.8196720888220118,0.6496328434990561
416,229,0.6530635843197385,0.16772629096156422,0.46311021809305375,0.6099527786289806,0.3181783407362515,0.46852392642705143
288,584,0.5093898836159924,0.15468444965857553,0.2368580775651452,0.5839543176533192,0.08198553945496423,0.31959295837256174
89,931,0.2014565622473442,0.07311184000917148,0.4906596154566065,0.41052949756844037,0.13969879042621847,0.29859038133813365
78,900,0.10293904704739976,0.39126940758415074,0.2502081104371201,0.004300206034838494,0.35790893253490497,0.32719221810328136
212,571,0.8218704628987004,0.052302250181599175,0.5287253814561483,0.4496025750508157,0.8134342527584275,0.5662234238211739
253,150,0.4793046827177857,0.39465718961289675,0.46250818310651787,0.7388826157200231,0.6342787197127552,0.5264667596004444
276,423,0.0621391841338772,0.13839042864966822,0.7805044837503944,0.2352393153254554,0.867887648096185,0.40006420151437705
122,714,0.258121499649558,0.7305277955729573,0.24009011344252895,0.7083580102738181,0.9944271126311246,0.5514157302487709
250,560,0.8040337783841548,0.833362649336408,0.1999851841903395,0.015152819817278229,0.2025662028991594,0.5239580123753477
148,346,0.75172632477355,0.687815427796288,0.47418533956695996,0.9080078043145318,0.6948214362367935,0.6858665278441313
343,343,0.8758166328973778,0.20049415243615587,0.050504365190850664,0.9500392076557908,0.46651670006293666,0.4368673285883404
398,60,0.6020878260016921,0.7668481929079557,0.22934062843550584,0.0024614834245593187,0.49347806094682034,0.5344203569143187
326,289,0.422905934358055,0.24950019703327497,0.3537049141876919,0.45781841380651234,0.32558140356080445,0.353042123825129
1,669,0.42663499755445067,0.7594885969685274,0.48762971256091026,0.41382194023866903,0.34251221499941054,0.5806235660089597
496,242,0.19400004449294372,0.5673975748963909,0.26943671122536406,0.8418833559195065,0.6762819483977675,0.48532417234793523
12,993,0.6507989615178819,0.3667125162912097,0.5606364947084064,0.5407215913232687,0.6208029171960167,0.5149401320677788
499,83,0.585068756092854,0.08349237801605769,0.8784146664451715,0.6113654699360509,0.31850357062743295,0.5433232895535628
16,589,0.1548644114288359,0.8275095098070258,0.5437274613576021,0.20250600308642241,0.11858091881908583,0.2720828334582539
258,497,0.8856629200453748,0.9396529207982254,0.2868395217364318,0.0770646679970809,0.5782412873082025,0.7489339577042842
53,833,0.36846820331059704,0.6659177800006375,0.061980972002314894,0.6923310971826252,0.7393963449648854,0.4026363979693135
48,887,0.049738765521068484,0.9645415666934388,0.13666630474832364,0.6206759919694284,0.5586217902145098,0.4540067589670077
342,543,0.3278809207797838,0.9341114190429911,0.5612173685471906,0.832328733983278,0.0036506734566412735,0.5492868874283214
364,630,0.8698567147115758,0.19460840080375363,0.6837088381043798,0.8446834474420555,0.2823155124738027,0.6293523969426507
60,699,0.9169565858617845,0.7312123485982135,0.04966794355407056,0.6310352739729366,0.7785793396350118,0.6312792395962277
488,521,0.4903984172596335,0.34930481943769454,0.18554982971348166,0.5383613829502881,0.7425482052767383,0.32949814147344675
160,185,0.9563399400734179,0.487517360565626,0.31908127067657055,0.9140082690118511,0.010410252541492748,0.5491955455121272
159,429,0.875241809211976,0.15696543114884576,0.31977310888050237,0.8012641358523173,0.4702962327601784,0.5054812557011803
149,242,0.8252307170992254,0.9747794280576525,0.958407014177961,0.8824249949675781,0.43731817265034,0.7343260995432166
231,464,0.859710064682206,0.7261373830764085,0.20377059794242258,0.9958408982739928,0.652281376290942,0.6798963614813259
89,615,0.3818754121688235,0.2669083096309681,0.0625203494791089,0.40350578776651247,0.12498004006499774,0.1990987813073845
212,210,0.7564689407555436,0.3714716901680335,0.3530148293123191,0.7169346622907508,0.62141523288227,0.5877715769472236
105,250,0.5773390030761493,0.4224829268287844,0.13444197102967947,0.6880678152315783,0.9469180201610508,0.5042513245919665
26,823,0.7196840017403067,0.7475337241438402,0.12658196513578912,0.17414271333279996,0.37174953461524995,0.5993364703867641
184,378,0.17778610758077462,0.9256972667695845,0.40745066111712835,0.6365485996930432,0.3373564176597581,0.46769967096629805
336,199,0.731393911774942,0.32144013298457164,0.30639113924994865,0.4280892758789038,0.028273514371877972,0.42962595268934706
381,713,0.9575924341941717,0.47250008828041956,0.09172677615535951,0.4506355901137111,0.05739505895543151,0.4667673500911389
177,716,0.30266332238142957,0.5932075728347012,0.6043034294274493,0.18013798985405693,0.9315724469297185,0.4365478324104371
162,826,0.9861613239556271,0.3933439924003156,0.50169976602035,0.7447393461359687,0.9755018465386892,0.7050879098283624
393,760,0.3783760148053711,0.5041813233656852,0.07709966895130538,0.6979409896782558,0.0056417004365867385,0.36328909516518126
340,991,0.19972349702103287,0.105707629020102,0.8627444740141443,0.5322901390021636,0.9006796863431648,0.47732330829910335
416,575,0.11228622980023839,0.16767438772016607,0.2847130582123327,0.15671919122582145,0.1739600306808209,0.15964961434589148
453,287,0.7849619132881778,0.4011012572201449,0.9613807849471794,0.5568647853571268,0.5613587186564296,0.5950925257693044
410,863,0.5548254003765684,0.9149390117705525,0.9315386325563256,0.10013342214702037,0.6781409235287493,0.7254475096975525
468,265,0.30713129366202885,0.3493580457446336,0.4340966262187528,0.3393720261422565,0.35905871056057914,0.3750685632500046
208,291,0.6084503697937579,0.24979280860501363,0.22856694043833492,0.3723578427927129,0.5289880917707172,0.44945124191455654
197,828,0.33210118784100473,0.7428622208492759,0.8348527125302225,0.8834253925406446,0.6275421881553053,0.6210847117862942
161,881,0.44835775732845873,0.9491301660766093,0.3612858416224468,0.41556207544438517,0.19392629938479378,0.43047344985385894
118,340,0.8626641257530911,0.45912361706354743,0.16355069467129824,0.598469868625797,0.9942566215856822,0.6419637701803407
374,729,0.6681664768591647,0.008604955567183104,0.5516077158189412,0.8747789879039839,0.203881835585486,0.43052576098788053
357,922,0.7624018397047164,0.688149331475618,0.48940244270126576,0.4257594387556296,0.010338464686618698,0.612349275569134
400,798,0.5834935514695763,0.4150608016161449,0.8500178788139564,0.883703520070732,0.944284592104748,0.6802665340528067
84,5,0.991398048885621,0.6736455366162152,0.7292813798393321,0.13646131252663973,0.4291277008641431,0.6874290167104169
246,664,0.24141006629089268,0.27771651582920354,0.8761394868367537,0.36484315715995985,0.3986197189264785,0.4342200433601862
111,170,0.26229116071881475,0.002408143816962416,0.7347029123873744,0.09472724906646457,0.2756713184663234,0.24720683588389836
446,846,0.09255893873833287,0.34449621874560377,0.642174960647797,0.5609296292812848,0.025831926791167636,0.2700376943280854
134,67,0.5540195020707105,0.7047923426129415,0.5001771522770128,0.9572820604078024,0.26456819338015114,0.5729580384607569
72,993,0.6133592364083679,0.39311328300918924,0.9875532894964475,0.6569518353212652,0.3933003425659819,0.5584666690776223
285,178,0.7259615728988198,0.21917413965322596,0.9591648240001723,0.6260756173487486,0.5203292488667223,0.5936171473745718
439,420,0.33544592594926104,0.4640068641341015,0.8488529815357496,0.2781586322431383,0.45764422012198236,0.5798466542404999
457,234,0.0122568018650272,0.7523485232983854,0.7753192137855278,0.9311067586231218,0.8790362077040228,0.623925807495444
48,814,0.63222953708832,0.11943308679230602,0.5775595501185121,0.47153478477569455,0.9113298619301491,0.5342938976853493
163,394,0.9986954925203827,0.6917520336466478,0.2597533605262068,0.26700205304581914,0.31715492181571503,0.6763546348977032
77,744,0.2945493537899925,0.6673440238039473,0.8754390270879648,0.9876999804330076,0.9595545938754595,0.6317469997298649
154,68,0.18393445246901974,0.3707378796850713,0.010816134878957717,0.423123933794739,0.8649341721203545,0.44660254532929217
267,453,0.2817669578263532,0.9703361913794945,0.2274399667939332,0.37149898240954415,0.9276348165347496,0.5258721233947468
141,911,0.4254154747770472,0.8947052994803515,0.4037324450844698,0.03496126729883442,0.7063308823877971,0.641683510183608
34,927,0.2509129289525647,0.31616148080206985,0.586157155234072,0.17829497314468257,0.19827184332554149,0.41908610613538316
255,209,0.3469600253675299,0.031091093393843083,0.5608793203603559,0.8091913550722803,0.19522779265777446,0.24657845909682485
27,395,0.6382067385793626,0.30830480674507665,0.1758158263852847,0.48269510460215026,0.9086515630839432,0.5616232406170321
114,409,0.3450279868426147,0.20472194254104326,0.10479819981353178,0.9548747269251936,0.5070454599344433,0.3329973563108036
1,565,0.39605894478365467,0.5472519140475928,0.22232892758527967,0.0838858032235813,0.8904673071537378,0.41365670099356583
44,537,0.040031262799263945,0.9187444211821546,0.3487087888964836,0.6159434423984318,0.720547879189317,0.5073456740411045
218,106,0.9179425016228697,0.8703375100375215,0.01405368792008621,0.7199841475433153,0.21251230433506763,0.5492573597471123
425,762,0.40688595991485366,0.3058291556648267,0.6924558205498558,0.6211831264646035,0.38475982006295373,0.48194638105235127
387,226,0.3281435160347943,0.428597533555637,0.24772743573749145,0.5298775601258555,0.9678252150225083,0.40625973949792926
50,315,0.0864841962453845,0.03654219907956646,0.3514044365483624,0.5782983203387109,0.01958276144350435,0.17498290616666715
18,840,0.6341832153951836,0.5441635076491494,0.3349016905838995,0.6895495913764201,0.7145838630927439,0.6361868472036833
169,689,0.8638249502637549,0.06336798005072886,0.5118298008785218,0.8632635436375291,0.978779697075206,0.6298246459641695
326,397,0.04115320005240031,0.9386061662290996,0.859799722094611,0.3363446442846858,0.10414694592362794,0.45022437294487266
373,912,0.1452724673660355,0.8669338348522723,0.14938995350554118,0.45965408044166767,0.27199285494687864,0.40402808145208147
411,394,0.14638982888620733,0.214187626437503,0.34072711323127003,0.6359095866171709,0.547013120681191,0.24092819258514273
171,565,0.6022748553477929,0.6993686798620454,0.6920288077317835,0.3142159523264475,0.8437649277466992,0.6099736833010538
84,246,0.9212305027183688,0.5680203824333331,0.04423141328043678,0.17878286594669535,0.5065118698377282,0.49956209312490923
14,184,0.4377683670655096,0.801357712516183,0.8299786351622237,0.9661687567781331,0.05959604699457166,0.6425644603140488
74,492,0.34380644819385064,0.4756521067515199,0.9618251404974265,0.1947288887962373,0.12718432333115348,0.4732604643158887
33,563,0.7658406855966913,0.191771970665778,0.6076372025819908,0.23273309540225073,0.3759433688325644,0.5056457764520268
430,806,0.7425690617556514,0.6398434001228317,0.9565083710307213,0.6186861004825924,0.32254067376054896,0.6829138264303676
134,391,0.24675613927720963,0.080280326995945,0.41306182943174774,0.07736830992150279,0.21967863117921138,0.17799293278740244
411,895,0.16082636230788605,0.5845879911684221,0.4150317306551369,0.03404765381520658,0.8401287361857906,0.48123117525335474
277,607,0.35781003241535636,0.21270480546445758,0.10624890941343745,0.0640136038053486,0.026881683748735674,0.15731293319287099
269,71,0.7756033922266312,0.6849364371235602,0.0354469349997697,0.12326364578576832,0.8293442477770777,0.5686844631792629
227,739,0.6950633899149783,0.8280431617281085,0.24450431813453388,0.4291968621341872,0.9216801736457632,0.639997150636023
409,575,0.6658537063562052,0.10952472928207246,0.4781286571011477,0.8292606434644912,0.6301110245510642,0.5283554020284508
22,389,0.8294285601632039,0.40026855214859236,0.507682390862889,0.34197189309552734,0.6253503985877641,0.5481575840955576
47,467,0.27713031234139374,0.7335215877759967,0.21757538174143332,0.4275314146474197,0.14901771298548183,0.4277742234516207
212,302,0.3396837254695101,0.1637030615188585,0.6128056746614275,0.600251092835867,0.5683177382108319,0.47957868375986146
197,614,0.04233945060917599,0.5665236700357131,0.1812058748383879,0.3021444256237612,0.3751743939380624,0.32663068343726276
273,567,0.8687457758035334,0.6718389818757231,0.32621114026910014,0.43253787876798044,0.22904976152019574,0.5793182246673205
369,447,0.5824297349221781,0.35479360723938225,0.19570951518932744,0.3863116868643608,0.5833295558555314,0.406943565083946
294,285,0.2981222918836933,0.8319822742026011,0.6966635999901375,0.3418835416500199,0.0011904670623462676,0.6122374895311177
129,399,0.06941653144936555,0.5106581850467138,0.5165725082223118,0.3883931694820375,0.2764127915421585,0.28252401578237957
164,498,0.7234095031624597,0.62699483994051,0.7361010990726155,0.01111771041206333,0.6560420242884377,0.6645713330188671
376,472,0.7487375195490611,0.1408727967047787,0.05724816959164969,0.8862606681215847,0.4550406105073418,0.44481049175133386
101,309,0.6661786521150226,0.023160174532669053,0.42536208023514144,0.9773467974486908,0.14564054050444886,0.4071699440263027
252,582,0.20378097094672953,0.050748570824986294,0.9669585789814206,0.8624961914161383,0.0013181117499577732,0.36291863267735774
269,227,0.9132160585086049,0.9039201481982159,0.053619514706363613,0.005742274054241658,0.2704393140699658,0.5262981168912619
375,501,0.7531580190208763,0.8826423842482511,0.41837868969596215,0.7508855466946219,0.5490593059551276,0.7090839674325118
357,122,0.6577563235839703,0.8075914391618425,0.04039821885562056,0.5731001725867135,0.5345455651136255,0.5606374769604944
232,472,0.6509439234217875,0.1996120912348608,0.14665332097079997,0.09417491100775033,0.13107189937191988,0.4374778011822331
155,784,0.9043577000916412,0.5254586519495033,0.4625264515730515,0.9328591348795976,0.613697143016687,0.7340588590241293
184,818,0.9283071330971238,0.7961171005483734,0.1575133976840526,0.7762171292226369,0.998924378225075,0.7622786028653864
206,694,0.59563741801024,0.6746691812557738,0.5187554249638431,0.14529628644809367,0.5848669062611033,0.5821472169592402
110,745,0.4166694109625484,0.1155211936759376,0.9227316827700696,0.964041429693496,0.5276381757092544,0.6059542103622879
313,66,0.3637339795594162,0.8955411998124237,0.20040755819742673,0.12619875281064008,0.6226331235929163,0.43058052104340405
104,342,0.8190788410807225,0.16068239277796226,0.10718650971219779,0.4546798785092835,0.8796708902607329,0.4756135366630966
324,654,0.6446053398343335,0.17179569341333545,0.825276561982952,0.15897573265917297,0.9459993446956352,0.46382637128655047
375,800,0.07726603025365364,0.9010086291707082,0.4602698474137552,0.15019079505790445,0.04103351575265879,0.38959873482830853
480,583,0.1421860130150272,0.4846169390945161,0.8826110988441378,0.9678057383746101,0.2049938029151538,0.5102705902489139
60,853,0.9001858951048464,0.37289182595646686,0.30612329466538724,0.5721227813923402,0.11576406400596428,0.449300269082035
380,273,0.8844981481045009,0.5536567422980565,0.6275320051870896,0.2591749176930025,0.7723537857026399,0.7427945915680136
43,154,0.9518324486974689,0.9813973328321114,0.9233135543016643,0.7763993708665334,0.045562858951945895,0.7640921449758072
169,87,0.42785096732832373,0.11963045524104288,0.17169579944790592,0.8752443993025074,0.9026349469911306,0.3983983404264312
88,583,0.7840609076407071,0.7569488487920653,0.8007285593054033,0.9176039367877787,0.020555364903130813,0.6854231905465582
81,665,0.8282250273143216,0.3343258622441275,0.6315167498451273,0.932984970966872,0.6025468129491236,0.7217426609014003
88,286,0.3156969058381931,0.11704927084762373,0.8129467446270534,0.9055818297552952,0.2755761939802671,0.37554545955729923
22,783,0.14533771122714223,0.42193335535293863,0.17069334495310817,0.6389323959265706,0.4705635249410609,0.3322634457990993
411,739,0.9970263616391729,0.5487528777252709,0.4340864703370123,0.3424666498070571,0.44188591400488253,0.6623848618115313
31,360,0.0302192037513499,0.2059616377281469,0.12883722847695267,0.9255676774388821,0.7488932707239829,0.31963788278929217
199,239,0.597335918711443,0.4052694590966025,0.9600821079853646,0.12249652800038602,0.49664210105991824,0.5895505815970179
349,742,0.6502122741817089,0.6356760254722905,0.06269172296013448,0.16879981505081754,0.42122083012655087,0.4846591503473736
495,671,0.6817893419696484,0.5764480197202222,0.06548339799438829,0.43382754049569383,0.7302771025843543,0.48693367032679424
426,171,0.2556277439690897,0.7231605940548506,0.8981561921817023,0.2836649422131816,0.9258069193048556,0.6887362315993428
69,255,0.7215792442988508,0.8364045329374012,0.300762148137675,0.6157328142238714,0.7939224015235666,0.6608315078938413
493,486,0.21639956328126553,0.4091403317693737,0.5970200328471501,0.9053019229646232,0.736717031502554,0.47545429536887823
327,511,0.8290382557516824,0.42296727546222745,0.28747552890730677,0.4910313263724476,0.4877220811356515,0.601591121245803
90,166,0.21911667408463453,0.49669213445515314,0.6487583756275316,0.5538705934185323,0.9002157982813312,0.47855079670488937
224,948,0.6967060290760775,0.5663533783813035,0.19246936927002722,0.42313372898109247,0.4863134574216883,0.5203683282184681
459,389,0.7834134858339759,0.10832267423789166,0.4588694580514693,0.7075691599759386,0.9302857853155366,0.528036658515122
197,381,0.18894575046218876,0.31263535419477406,0.5334921747803945,0.10068877984621383,0.80292226242161,0.4980100067635428
92,61,0.23798648763260277,0.17189179537702426,0.33364289028713,0.04858988592656155,0.15026023561012958,0.32392822296197793
437,875,0.7791037387343669,0.3858527623441316,0.25170061126895205,0.6413384744331628,0.04699217272735212,0.4462050587407252
476,235,0.08599897163495285,0.9733540725740365,0.1402066676712168,0.5348785451541519,0.7408556868660656,0.48778860938859003
487,986,0.19076095246666414,0.5827309566809797,0.7061443363079198,0.4073580290193777,0.6858391616003384,0.48801155956618575
477,496,0.4555309061899152,0.4293815199205463,0.16828271599442324,0.333992641879172,0.6020888795819757,0.3839438167407894
436,874,0.9301819287447706,0.5659368952237088,0.29212639118814465,0.05180744404312554,0.9762392800173462,0.636562292029195
227,179,0.5618778348930105,0.6690765554271793,0.3369087646165174,0.6805561624139979,0.545403047771961,0.5510502438940723
96,166,0.3876778482082255,0.43495346329040097,0.4543667969796701,0.4214675358207173,0.347899867101363,0.3342134429566799
308,801,0.9783702222224766,0.4477098042528872,0.702568699550067,0.4452680395196167,0.5649658508225792,0.6883751052936061
111,819,0.46371130622128853,0.7014011293817086,0.42794513465370543,0.8934448514118918,0.028411752505456245,0.49154430553393025
237,543,0.43373497368748204,0.06086258320570126,0.8710936214354834,0.7375478825234788,0.5792642345702999,0.4958093084643363
328,33,0.4116443168877235,0.5400805682883442,0.6797856466201845,0.2194431486932915,0.9024302050410231,0.5479035231996985
473,943,0.31218007260679626,0.5473278122177014,0.83848671613018,0.6571664965217826,0.004330068518140329,0.44653250981847226
145,393,0.32569480973758436,0.7567522611283809,0.7163539613309406,0.13225531850365768,0.8453038121781166,0.6139339071604268
126,936,0.6878370599294981,0.982644752336658,0.14863179983709962,0.19406386785214313,0.8019288940991132,0.6480911071159354
367,870,0.040835597341881136,0.7957547867868081,0.9779273018640902,0.7141492407324346,0.10610312979608527,0.5639075948115251
4,851,0.6818167256463189,0.503788612650468,0.7865862657683655,0.12589041824989755,0.8468304931217174,0.6521595280270497
283,689,0.20120449812587282,0.16945317960717854,0.5727217686340125,0.2801939513709779,0.7635452657334095,0.3499398554727115
373,673,0.3842080032044929,0.5882609716331706,0.16523094073812616,0.8980602679835393,0.49104645755984544,0.48967525375881826
275,533,0.146538972560332,0.8342988867126859,0.17268064857897447,0.7383154782815458,0.24521393839977312,0.298655523788238
192,25,0.5527510440724698,0.9324140636453325,0.6143311748601417,0.9294595176410199,0.2881004158478522,0.7631400726829216
414,388,0.7293504449521396,0.8253103794941006,0.41619713300201133,0.8818333419612034,0.6122749254719903,0.7021157351653665
186,730,0.35465557605636466,0.18896860636256352,0.6758595005151458,0.3125794219753125,0.24630399937549663,0.4662370613207229
355,812,0.16341657754026295,0.7125758643493314,0.37242772489970266,0.6323774344810366,0.3253556756739683,0.3702283261445196
232,560,0.22650558193117554,0.8801549474858433,0.5128451714565949,0.3786956781217733,0.9308384311503073,0.5121725090961526
14,709,0.8181129185255726,0.6810169666269752,0.18795803796396204,0.6971043316261096,0.7293286165062528,0.6506811150789726
265,22,0.2676487350598524,0.6857520409282152,0.1552011442938266,0.34845702165091297,0.736074049716981,0.44615640636974624
25,468,0.7747025930112271,0.5001622862510787,0.0756447636984906,0.0013173718800592038,0.9559364221216793,0.533014741433941
465,508,0.33119940680621107,0.6369762221255051,0.8196393048985523,0.09393821517178547,0.005794019803126438,0.4420859732031216
301,892,0.18873255434296254,0.2943807192230211,0.5553862515796613,0.7710123262227739,0.2444858433726511,0.3236604475064319
186,311,0.727308559627431,0.0888100867857452,0.9471410399066623,0.08400524477226101,0.6579739629603952,0.4626521267833574
243,230,0.4685450294752067,0.8277149047454004,0.749486281359328,0.5994226832402424,0.43827153393714136,0.6372300175479075
309,353,0.031277251274806406,0.9431443073915157,0.768763160249494,0.8577785123591923,0.11280494813237074,0.4374908777210754
130,171,0.9599424193443986,0.8568223353769442,0.5090584341970155,0.7411012368421127,0.7812336860716613,0.726444858194983
144,558,0.14775344507210741,0.333913553780803,0.8154539365256507,0.4134387948195407,0.04707253407992673,0.3202683789424943
209,643,0.3534069764530914,0.0935301513079283,0.9420634453138168,0.20860421529315298,0.5438511121894881,0.44178835744983047
130,801,0.3847946349957073,0.2801383876314065,0.7217402523354377,0.9225374877418276,0.5624643315425171,0.6058323982420263
379,972,0.4894298992584133,0.8428353758099001,0.10558894088700133,0.5663996817850598,0.6359613196106538,0.5796527331901931
52,74,0.7854440223341707,0.655814507633216,0.6510198592535063,0.4054200592670558,0.315626302721813,0.6893376361506879
413,248,0.006090279675126764,0.9666942441029371,0.12043321224109194,0.9420576990232783,0.023600941231812222,0.398016282840744
174,301,0.9324720513360747,0.3426810184371034,0.07722242241866784,0.21501774387191086,0.8889832860806823,0.5540483077403119
281,250,0.6459894602030112,0.5514721202916424,0.692900405115938,0.4422818724536215,0.9292047948284559,0.7791433713694367
79,827,0.9506488791489356,0.7900382216382279,0.8347854319240385,0.10864570916350635,0.4819887269040657,0.6666814047963862
193,140,0.8173895374164858,0.23399194273181234,0.1588414907293666,0.12488026089953819,0.020640353481528262,0.33040570834624294
377,30,0.9278382180832169,0.9640899746596657,0.07414860796604472,0.3985962559968351,0.580871160223449,0.6444349918371707
136,860,0.6010005509356781,0.5923976724918149,0.8865228941920439,0.6996603559850991,0.3159298516629212,0.6677375266579301
67,961,0.35730898287717483,0.00789756331965319,0.1322093369908689,0.3388939441541834,0.18248557683369682,0.14793234614740797
261,227,0.4429140631136037,0.025153275628012395,0.03508609374373717,0.6895979726030022,0.16895265638120538,0.2786539326861427
82,333,0.6580323103841129,0.8822160164015952,0.721054368766489,0.8051904692523926,0.17925544033316754,0.6985644255326149
158,503,0.4269318597663363,0.6452815277610775,0.8477155540953429,0.8775779146533363,0.33084100057931176,0.636994363988809
225,526,0.7316727834677892,0.7630725190638621,0.5144733414642263,0.044719504053736925,0.28062021569267404,0.5994907682006773
282,990,0.09184801608002957,0.784016000956908,0.5399252440937878,0.7737316549730915,0.8364248324531895,0.6112963260789109
320,404,0.8299866489848887,0.42045977625077646,0.3368605127273786,0.14714212222401812,0.49531470739002426,0.5080339864876731
338,13,0.20418863964200418,0.7986112461423018,0.23846319886623257,0.6982622932993342,0.4276474924650482,0.4690832918756919
422,423,0.9439476095247226,0.9375324448125381,0.7552320701755861,0.3716624656000017,0.14583355711446833,0.6908276239446935
33,556,0.15554579993726791,0.17217110776962163,0.8492844081210426,0.7077932976948618,0.8758907931211639,0.4134865967720767
181,517,0.12916419610239782,0.7641363995420206,0.3212447581651967,0.21382424450799686,0.05482220579378905,0.411879504899312
1,512,0.8118761105873928,0.307792007615565,0.2738191848756514,0.6449907189009952,0.2395313588744803,0.43509750840865713
5,922,0.8187018277030144,0.32149300305385387,0.2677917195450501,0.12551408706194056,0.6214722757353176,0.5173799968975139
106,807,0.7387594198812473,0.4127548510363862,0.05059541802235612,0.16974554765680694,0.7023124280103686,0.4838091812705521
299,252,0.9605304639047046,0.8637195199080855,0.28107502484038105,0.6144619251645597,0.801156574819147,0.8006727475727006
447,355,0.27053962868541603,0.022056067310049166,0.02565091696900501,0.3367714916503607,0.4102913014701073,0.10411690078253633
386,667,0.8266487389902876,0.43392620681026395,0.7884076224683728,0.7037780731138085,0.34674008664141776,0.6811068678282296
323,410,0.35204053004342084,0.6800476495692706,0.25592682903096,0.6851594354026874,0.2885516179629274,0.4357065231254839
389,428,0.5373986255693407,0.11041545828252197,0.6901551893513637,0.6216339902550784,0.5680946710777264,0.4442366338757521
86,168,0.4456000297013287,0.7922535970174165,0.5431883855405562,0.7305405412343178,0.34863561514536223,0.5531896060800805
420,255,0.005850022673607236,0.941902597897353,0.8374636299771987,0.7939352406636638,0.32809424067593307,0.5851695817916667
445,741,0.5744621935391577,0.09093482107697859,0.9603787275570217,0.911423282471824,0.016890853435396536,0.5173860909711419
48,843,0.747505887763953,0.15294813783087813,0.367291614129165,0.08051582948176017,0.9483159875416077,0.4798499317918805
235,784,0.17455238357527125,0.9740972249462029,0.08834081988963716,0.5715490147784498,0.06059424432054006,0.32284685020952153
415,308,0.9316558618930374,0.19785564078574158,0.7496457643859228,0.7487768336204009,0.2708715183109395,0.5409710029046302
238,137,0.5303995394185038,0.07893967570320448,0.021302326199183375,0.2169414566698773,0.9214196273406962,0.38067384375551416
420,160,0.1782460031510935,0.9521925363959002,0.22296333448624628,0.26362114297694594,0.7353481952623454,0.408891824245879
467,394,0.6459475709168853,0.8926227098094689,0.05325066847313853,0.2669643443354208,0.57813980418744,0.5350997630715031
237,518,0.191922708515344,0.6557254727331311,0.8981483716198154,0.5723329714745182,0.6608139131953729,0.6915468455576019
30,893,0.06353334829533641,0.5514309272875533,0.0052970817015722815,0.36617056846565976,0.0970600528127955,0.23213125933779377
170,898,0.6853152424192422,0.9192326963027704,0.4927421650152318,0.6660947401215991,0.8086473436552222,0.758970215564705
108,3,0.11069488330549448,0.6555200751114227,0.42399912715898014,0.6102396819679363,0.25010676178260305,0.32737652807216766
237,707,0.10621744837643532,0.65839665931507,0.6527446645481395,0.6571118331030485,0.9562139778788705,0.4747915294348392
293,299,0.7399435631818133,0.843685564201953,0.2897440885692498,0.2523176168092264,0.23137460379401875,0.5905823318208103
232,198,0.05520223320807116,0.6532456772924209,0.8736954004694584,0.7673713758229969,0.6253644162318255,0.5110353699517488
98,555,0.8097691790479546,0.5036768870376775,0.7343457415813933,0.6640355507686939,0.5453244920121695,0.7226024267469628
151,34,0.7961487586478276,0.3897214978984479,0.4322944259922329,0.13064961263145092,0.14310309396866872,0.4644209745070782
340,334,0.141393428077766,0.5031338927912408,0.35802624951254136,0.20017285240906635,0.3629271678168121,0.4920812512145833
14,552,0.5183806472769689,0.5224786490871944,0.8158882474975845,0.3009651463064651,0.7812927547389327,0.5729859430302251
107,272,0.09662549096894235,0.3608318811182518,0.7570602985357707,0.9360415078387312,0.21258807399910806,0.41555661562061064
446,593,0.6325712197859872,0.44811840898034605,0.3990000580240475,0.32634986360423335,0.962857314841953,0.518957280243035
50,460,0.06293001297054657,0.8018719328635212,0.3413718626101272,0.019879082665319237,0.29548363864760685,0.39053581422536415
207,799,0.9444808563227473,0.41651336867588784,0.038887989662542144,0.1416257376588499,0.6267216594800857,0.5304466393799167
104,182,0.20773073536958164,0.02555976663542936,0.08170724544014563,0.032171823650812836,0.618867039589865,0.1380383569906056
53,58,0.6828946559486451,0.28301932177384914,0.05391845555423469,0.4028392441432166,0.4707782421651653,0.3864433343723278
211,530,0.12829142437711005,0.23174186409169817,0.024415486348026816,0.797153400969704,0.6553604641657592,0.35291713900252353
261,257,0.20959644832677649,0.7935820118319684,0.15287238214078092,0.45043578058900335,0.7435769438267714,0.5160144887857201
88,706,0.45094964888337064,0.4492930584718088,0.8571418176805748,0.8389941347931467,0.6190029713408884,0.5300666000362438
39,94,0.5730961413415162,0.28031054303513314,0.7981593107558651,0.0475293213607374,0.5599946193339791,0.4720919831619715
68,575,0.998863240391683,0.8107048838416246,0.8455738478281971,0.46972286414476394,0.6066274080727636,0.9054861980837897
326,989,0.025926228090944137,0.01921680455661201,0.6238003614254719,0.7870753721294209,0.40195592040195993,0.2729841770900306
430,94,0.00031441964408696066,0.1742508427312176,0.62406310124067,0.6747222176539506,0.07087316713155012,0.260743979386755
90,302,0.350367094714948,0.8269548193958,0.12393174655301664,0.8528255371404669,0.15969837918278196,0.5022190889985055
160,844,0.3661563678024199,0.5506517276604026,0.6989653536423868,0.2738347239095751,0.6067040430396946,0.4440839065162946
172,534,0.8838372360986316,0.7736497745794804,0.280026410870473,0.5008507962880486,0.9271738924174422,0.6617451852685055
181,175,0.912582547697302,0.8381760147620776,0.5192533297862011,0.6768785783422281,0.025740548571182242,0.6475334199160183
122,213,0.8805249763593188,0.9419634885885396,0.9547226038008574,0.1684899561587876,0.5440351970621957,0.8542783419830726
28,765,0.14317875048604778,0.06342459930333799,0.8706153943184273,0.815806714677037,0.2520614330091897,0.4083110076670313
263,861,0.41210483518107344,0.799234743298472,0.23319350729579214,0.3114700507909728,0.5617399054845131,0.5264751470992276
179,361,0.7458851622950232,0.7087661482198349,0.7366506157002934,0.09330730391569475,0.7496573577337017,0.6681085455016107
171,474,0.3126110677842414,0.20702560067655917,0.10409074995921108,0.7657012906819606,0.7354531321695928,0.4147244562738741
133,782,0.6632380285105512,0.9317022663401231,0.026742485744032596,0.7050179797319802,0.7248857978181339,0.6138478783910053
464,177,0.237142863191092,0.40420188030639204,0.028174274781860187,0.8836797532844392,0.778923465939437,0.4169330798282775
305,207,0.32341925796080806,0.8876105274548042,0.17024648421801236,0.8920747454371241,0.07261068682095762,0.5036787324321322
209,774,0.8604296493484839,0.6051137046649254,0.6949484020937929,0.2785257845815775,0.5095778339179522,0.7425272583109181
103,187,0.2505090360889951,0.5267479465409566,0.36330589345801867,0.6413627752178199,0.2617784853721482,0.3850876972520543
400,771,0.9643240868848629,0.1595239338959794,0.015942438966691785,0.999122996171992,0.921270561002413,0.5573390700530324
444,497,0.3062595609368469,0.9143276242873128,0.9880226313768419,0.24380654846107208,0.7828792220194712,0.7296306069166969
17,990,0.023528109823277354,0.5566619073622462,0.5333784032319931,0.4728766685586181,0.10754484735838976,0.3899116133276893
464,33,0.25490090380257047,0.0060924054968174435,0.39388021511131754,0.9101663646405085,0.24324612903017995,0.26210424673630106
350,946,0.17120494224342575,0.01828454107028321,0.5188498950488314,0.10307964152659632,0.4552202554981446,0.1880419128345329
50,226,0.5068269662175497,0.7776326050180475,0.5199709098585499,0.9282498975561949,0.9629086218064256,0.7536634294263758
376,36,0.11271606632786002,0.16193635337838963,0.4702365770929937,0.48815559456177626,0.10967318412105187,0.15652639205612084
54,724,0.6260488772454097,0.5987384356281452,0.6129489044649707,0.8930407885720016,0.5679723685421296,0.5549489156850904
26,532,0.8748990705564946,0.6810819619339803,0.8856266198683065,0.6213714108268801,0.3412875131745584,0.7147810479425409
58,837,0.3625188818037357,0.27936559294849683,0.30171369207708654,0.6714355470230783,0.6463403417325573,0.4081563929423114
230,109,0.16849271930540444,0.5693138084114124,0.4869686228459622,0.7729857514279932,0.6487067270227045,0.4118769683460119
310,81,0.400024995784413,0.2402587459890747,0.003643996196768695,0.06713609198416803,0.24059148668401853,0.23469653359182482
204,567,0.785966821450627,0.9463154273679505,0.8598142813182026,0.6277683390396395,0.7858094003060662,0.8383035079225142
61,882,0.5914876740795956,0.860170156349167,0.30590388891311626,0.9239372447718588,0.09126247133480792,0.5357333195684867
100,406,0.10114321332760312,0.28804279149746914,0.2712968983283689,0.9561237239599569,0.818138871087333,0.4766194535558105
426,797,0.5371871543270333,0.5288144909503397,0.9975371692110346,0.9683214440033527,0.21196685857949404,0.6429824365655264
481,906,0.4680853814555932,0.5006328571539057,0.5843929387451879,0.645832879267937,0.5895792984916527,0.5919070510008229
377,869,0.32711225602116145,0.960023257950074,0.12304324614099027,0.633286848124865,0.34730972690277007,0.4053626349365008
52,509,0.11016059605332329,0.394028780183854,0.265524969893571,0.5524650667772937,0.6097798266218947,0.258131757889161
410,698,0.9811119356202749,0.5622275546215668,0.35322658826631137,0.6075533591516893,0.2674178482743774,0.6294069306835083
346,526,0.1760433198932556,0.9287065948874371,0.9860600478706539,0.6121179303831606,0.5689636719505107,0.7215008825658731
263,674,0.19274289079074547,0.16281105117655814,0.43062167791485795,0.04240826852168866,0.008198260213564179,0.1396237425499192
72,567,0.14558269210223584,0.5504856032783381,0.23013398829280907,0.08887128593342086,0.374454457617202,0.29954713566980357
498,525,0.5701930386989381,0.10567292036182963,0.5697309674128171,0.6194165717642494,0.8263893790621891,0.4355675869836397
221,437,0.4436695744827004,0.6174989318185006,0.4047596580570104,0.3142164300384853,0.46300658650550774,0.4333690379297794
23,653,0.24955718202655597,0.36568320338700466,0.05496038814187043,0.30142548500990074,0.49926109898996573,0.29196731237298745
105,751,0.42942338302152816,0.9676360731796007,0.8609196124543255,0.1934406393149698,0.621576837913993,0.6308699846426816
201,919,0.6735218510617179,0.4154091811485263,0.015687527283303915,0.8010699694340887,0.43420959883398236,0.3890085976723302
32,613,0.28170053149863017,0.13618763754170682,0.8984836357454766,0.9643285037206298,0.8670767277238136,0.4583522709840169
162,101,0.9152457760303804,0.8339999609284041,0.7918587036018022,0.6277580031966358,0.4033246698481886,0.6704195595852555
234,587,0.3063462371777058,0.8208666914229141,0.07582321014241111,0.945419895606422,0.9425524342432506,0.5720392308953818
474,316,0.19817903082285326,0.6948596195427844,0.7236110778130539,0.8838841565103875,0.8769380233242583,0.6276990001163972
44,27,0.9545678468728145,0.748811801884228,0.7709416821393189,0.21792697843303122,0.42108778265898517,0.7423451780302853
288,73,0.8105606101181794,0.26471521768940687,0.6023070734286845,0.15352590117687137,0.3658008745986372,0.45457233355776305
457,591,0.34313762484346555,0.6420535004227813,0.5776708001561233,0.21158678552861332,0.6766280189001683,0.5519392685065554
403,944,0.841431851143876,0.03801987120539363,0.04968702624797405,0.09620938386557487,0.7553067486740624,0.43012781245731574
462,506,0.5188142491538,0.19689014389003456,0.05949637182278256,0.5828791669869586,0.18586157732458808,0.30329795871283916
86,445,0.3467524982610628,0.9322794475530867,0.7272886498356969,0.2826500428375629,0.24104520318648237,0.539133688932496
400,89,0.8396115895392143,0.7392352970826587,0.10556517891890982,0.9129166947514298,0.14625251664849293,0.5385791104368294
489,675,0.7521650668644404,0.23067254098925782,0.24184410070647755,0.6134077732272357,0.7606918781883185,0.5167391261953496
163,56,0.2978748426431058,0.1113830895192881,0.49883659382335876,0.35961055576873135,0.7144018649790849,0.44095926952706127
249,841,0.6066785152579738,0.9489194448685015,0.16416367361268158,0.9846406319643816,0.1890538143183762,0.6357811166420742
265,816,0.3693902235197972,0.11218766606013275,0.7898395605500256,0.9531944958918703,0.536874786154343,0.45987204201186205
247,991,0.001051972560388137,0.2570700480472482,0.8073780237790886,0.7786152353092003,0.7642393592033998,0.4454872090358942
145,284,0.9618157414002794,0.18263399299945715,0.842143211260892,0.7916836754396348,0.9470286627433728,0.668783027401508
485,162,0.5496290760728367,0.007463820411767963,0.04956812077470496,0.9772701315244898,0.1785226541310314,0.33767707222209775
478,300,0.5984326016657832,0.314134774098044,0.4278731612336244,0.6004562226399603,0.30432977988968923,0.40779033838515216
190,799,0.5998914256772949,0.9741788715987626,0.8469176727143358,0.8800198493318545,0.3483397836390738,0.7676614106886765
402,219,0.5506414608194028,0.34190330580935646,0.3632193903066989,0.06482772229999068,0.6249773591332093,0.5719951283832003
199,887,0.29004784477359347,0.5043048794677737,0.6958203783230225,0.5540625194543223,0.13641885020898714,0.39962310682404983
397,155,0.9715761249080562,0.7459357839217814,0.5892459041900096,0.5025163394683246,0.1934290692513928,0.821212124087307
292,49,0.6216684125152849,0.5510801020792161,0.3472086167071786,0.037723862220849,0.7804368373919862,0.539081958835857
235,220,0.6709213605539615,0.7435915074123066,0.27640482909042374,0.08695198532413306,0.5420536658560705,0.4949772175850762
64,754,0.4547927573170498,0.6616358681905152,0.6527430920994067,0.02183892401687315,0.1603862315284582,0.4188644314568604
327,602,0.28786140049078257,0.6085630229990148,0.133624137002897,0.29401500448644635,0.38843274800822536,0.47113819633986587
161,355,0.06434898217492935,0.6496489072117452,0.8601225190877586,0.053511229516276404,0.1344941953317328,0.4039161117595093
109,656,0.35023019656788623,0.799164362078251,0.5764434410807034,0.42315968476080157,0.3626900012368419,0.4885606635593839
97,648,0.1760974292683921,0.7101913948011042,0.11150350512583918,0.8127464113729175,0.40019929521163566,0.3838092833728534
490,555,0.6620882682570118,0.7917749207051915,0.7035276451933636,0.6138298084364827,0.11211041162539626,0.6370140711649794
52,514,0.8790038848027194,0.14559763828353134,0.431112549882419,0.6737899122966347,0.05983342618604204,0.46224105638510055
399,102,0.3027548582456523,0.6776737327105403,0.2040814153631757,0.03150668710963589,0.8816018902575307,0.45374708328726754
433,260,0.33288262541404656,0.7370219123255332,0.9610692929248661,0.8395263602558672,0.8876480896402189,0.7821145185949039
16,528,0.6703645038290117,0.2999664324968345,0.7196477850144256,0.14619037938299073,0.002578875212649878,0.37863785226785995
295,136,0.14927143424123634,0.8745773278432823,0.5929936233279961,0.30265087603248697,0.6412040964241364,0.5407017053538554
289,476,0.9294374266776991,0.3047116033027004,0.8488671810593617,0.5167938949333865,0.09367900753897984,0.5868689254309362
179,117,0.36384678102548307,0.2438321193764973,0.5438697898821526,0.9299934310131585,0.8101416455313178,0.46845434475627756
333,787,0.10119944592677466,0.8670968154805112,0.44147061233290386,0.9981491683734627,0.8795623921537515,0.6207861441646472
204,104,0.1746840049206415,0.2470198381164267,0.1894468598607083,0.7826606836214098,0.6166151553702259,0.24973659291088013
220,93,0.9327460760074581,0.4155024624318001,0.15339042511817869,0.7293142237274692,0.6131554572029421,0.46096059647959803
216,638,0.24711928836901997,0.3679228300368189,0.4319693163718482,0.5276823307120317,0.37148150905372423,0.37222746746164964
400,221,0.6622688038312864,0.8980618225582724,0.4559745790275158,0.665627337999162,0.24946896936286167,0.6114651048051578
316,352,0.15616522353826512,0.45523573828796426,0.7333125052307272,0.14442417542835373,0.4992708291532464,0.32901168207144044
190,314,0.19410169234877772,0.6943089332962156,0.4420850100368764,0.2691961205748493,0.13371722347655401,0.28167431380577884
463,217,0.8792382188999776,0.794038904643829,0.5931592005654178,0.9846428634970845,0.6722248948609137,0.8767427214063199
401,762,0.1480332201025618,0.6279035807471762,0.832518524076246,0.9796150231455384,0.4700868953797185,0.5595148450523074
466,692,0.018750586736279162,0.9436944983249147,0.9933346955105418,0.322972394662813,0.17760150603093072,0.5001354912287307
365,239,0.5012331895262763,0.8025075292560081,0.32252531515128247,0.24104857257155932,0.5883142527892828,0.6376161428256617
196,687,0.8627268132629347,0.40020662767486315,0.9019544637283687,0.22951807481741848,0.795327836585729,0.7326147012661496
386,713,0.32599104541562474,0.9508118432576832,0.8060508718535989,0.4848643835041996,0.5887994616671309,0.7219806449373278
165,539,0.1281622706457105,0.5245748332713341,0.06800669031955309,0.2237665797911056,0.5296614116565442,0.2260219008972234
136,578,0.9822308295656378,0.022577322944895895,0.33415893085389126,0.6484966325506943,0.84771747813081,0.4982830212451502
226,935,0.6767386294894133,0.2600132796528968,0.21904295983438338,0.07481981135393523,0.010755385000829953,0.35178255136824366
484,454,0.8506906319481564,0.6217295870372666,0.664384272422998,0.10367722241922672,0.6167476278346294,0.6671212681502697
284,386,0.7521382723289237,0.15681490232443673,0.5552991362176882,0.2769342749358006,0.40969218319456746,0.5275353912790828
192,539,0.6982422739891901,0.5840680448932036,0.49485105258955364,0.7774432333784282,0.1935661486576693,0.47969970580882887
231,836,0.3845640671309203,0.3615980223075298,0.7635637638075775,0.32328953904201196,0.9795778500860997,0.5729269806933723
146,709,0.3243399932036394,0.534385480058274,0.3333086958119834,0.4708167822838516,0.40381382914718933,0.45467729140953533
329,76,0.7169585958944741,0.0018748478732528717,0.3827522955532656,0.6566220460091815,0.33526281244222256,0.45486697965512946
175,459,0.7167130081772302,0.8484213546686984,0.8656339482254493,0.7885399219729738,0.16900843974064672,0.6841165698634518
277,740,0.9505883840490933,0.36192548777552835,0.9722085092600066,0.30710902122465267,0.9977659512454841,0.7764061423997032
185,224,0.5686598178483223,0.14015843427795305,0.7763573407678322,0.7309694111642221,0.8560513560296767,0.5236308120001576
161,988,0.29462110578767353,0.43791585700507996,0.21707097477722626,0.2860674043513326,0.06997241867495119,0.26573479008703665
485,808,0.48952879933047744,0.4861772934888341,0.11265163216384733,0.6444662083666057,0.5657538761271833,0.3880961748949626
173,846,0.6137138167259192,0.6374027104961889,0.209205147765802,0.4508801407946915,0.14740121087546587,0.4145707614388348
36,82,0.4267297995769125,0.5245624403522797,0.4227613650228964,0.9266278193506025,0.715781415012947,0.5316937007337692
189,580,0.7911331233595482,0.04352358206706264,0.23669702774763823,0.9820933862211272,0.484083429260437,0.4418352537034424
266,528,0.5846132122158377,0.8715123220777647,0.9010411480720117,0.7741231076902921,0.11038896419927591,0.6295013570447334
48,627,0.009435727627650548,0.4565089317869613,0.6707229017674402,0.9154643356434318,0.5570388912642898,0.36122494623359913
153,850,0.5698398882320085,0.07698777253300892,0.4167292447830141,0.1365042420241911,0.9106756511028123,0.5218513198502491
83,353,0.633603785941861,0.7728282365291851,0.2738117328615608,0.6544639575479145,0.34119468233315253,0.5296479924307181
250,534,0.9152612515440707,0.6601544187830682,0.38066100514096435,0.19836794157240822,0.05080561476197898,0.5597050962352803
361,679,0.41372167366418855,0.6494377727692218,0.4760505953667302,0.2769685049724483,0.9452071112646443,0.46321538373963195
484,753,0.5744676592713583,0.42691400173556104,0.7138223521757286,0.5228232412156282,0.14179918800945057,0.5632679276188947
195,770,0.47499745071437394,0.4104970626209884,0.0893415582288789,0.741987269043999,0.47505200088123367,0.41680637207626225
431,337,0.5316564284688854,0.5363386363873428,0.8488329397889457,0.7214940741954778,0.5446771278482843,0.5950054250458247
108,998,0.06730407066899646,0.05059441289910327,0.12756003113018,0.8694593419570432,0.23708746318125673,0.15910383079120619
390,10,0.8972836675331015,0.29895776421792086,0.2624500819724379,0.5592748521265871,0.177418032038139,0.5224252406155805
281,492,0.9104123398316256,0.9878941735623735,0.9935898957725838,0.926342653389574,0.11313888061485966,0.6807655504885446
379,609,0.5480596098426327,0.6621924891280758,0.19020863404425115,0.8878885956869932,0.06995528235397341,0.42608021703000043
378,62,0.5565555157209455,0.4189341654173221,0.10114218778634565,0.8490574894804904,0.5081265476803448,0.44709917284792444
266,451,0.05755603594395453,0.22236310294045303,0.6384053019187983,0.22952010780434928,0.8420207768343164,0.3432632201460784
129,596,0.5979505131197568,0.7452093619002335,0.3931290798512249,0.5314479931871966,0.1267587713666013,0.6417375235888609
263,608,0.42915178987916247,0.2602903097061914,0.09183543426850871,0.736236597043577,0.7006190284454984,0.3740220416927742
413,119,0.7090436302344373,0.16237010384629535,0.003742428349045035,0.9761025078445899,0.4126207704235999,0.46306881665279576
485,278,0.047124916595572386,0.15451490023428727,0.0791615763814778,0.011647273737110275,0.03522423897058613,0.16562973785963558
463,245,0.7108876827294898,0.7292632791647324,0.5227355787719067,0.3271145339450987,0.5359723100047215,0.6467672445490509
91,640,0.2868938238323139,0.6428102542887174,0.23089294513094227,0.3423502525858485,0.2520082661331764,0.3312947613625563
299,329,0.651705330453108,0.06980609937123061,0.7775521343189499,0.28853456978185676,0.6052540930405024,0.42389074247744374
53,571,0.627125975312123,0.11504281536220251,0.857508633071743,0.8174242997629452,0.3493230108388712,0.5598121187863715
334,731,0.22684148463223253,0.6338468673535771,0.14483301771529433,0.04507143664340407,0.666452318262959,0.4422070183577296
496,797,0.44045234521626675,0.571116101872159,0.33701987073447015,0.35943475000846337,0.918503362931029,0.5433358373967705
27,184,0.8356332590533245,0.6859990603718135,0.14657412546819748,0.7116846082760352,0.24454456208145914,0.6210271207392201
328,903,0.6055916435947739,0.17803890836326197,0.2866927035819472,0.4067397191069835,0.9398404689876976,0.5947731555313944
472,166,0.06873830197841146,0.7265879062171671,0.2392044187505713,0.14406358369224936,0.2043088602503319,0.33703075252423514
423,22,0.4429088313208297,0.9360964673305497,0.7868649009371865,0.6108524727590875,0.07069488222336306,0.540927582736041
196,45,0.311771458777917,0.6010503145354412,0.3454796780140662,0.5226102363936188,0.19270098738807973,0.3966091618928452
52,201,0.6416456789116327,0.19613001964278387,0.49556479874417636,0.9818388361158688,0.8149166995155483,0.6295713165479977
462,873,0.6145639412952608,0.6795438552841065,0.6738951054729815,0.7485262191212092,0.6775562452645418,0.6530812364586027
460,208,0.010398101510140534,0.3430816835460644,0.8222566491521867,0.986175987845684,0.9708341532614312,0.5728691826844265
289,693,0.607695509418463,0.04928774638572142,0.3012090903224518,0.1863526411160017,0.7098273104249307,0.37663492326237985
489,419,0.7348496539849367,0.30233869535249847,0.20922066770401915,0.7615950092779024,0.41263126503663394,0.4926552653050366
3,40,0.7687300324015754,0.905585101950132,0.9784533737558676,0.5516382196999167,0.8924309741328762,0.8241973760319098
308,444,0.05897577038996116,0.4111393201759752,0.32014754464749695,0.7125094992012175,0.9581285182084599,0.40745411475792603
20,29,0.30365841710986896,0.8646653380310924,0.6710680991808755,0.46755146250788937,0.7916549209601059,0.6176032352601907
467,476,0.4212735605515239,0.5086593435227916,0.6778410406778043,0.21239081971291696,0.556639585835101,0.4134230357074369
340,559,0.1797717077949118,0.5169779889596,0.514029445599541,0.045736663465124505,0.8257657813055628,0.3923407676115749
456,521,0.4207338711650098,0.005216321064894336,0.22844744548455698,0.838288257326695,0.17904470733428157,0.22223885820277767
281,283,0.07112953582559234,0.6371040732889721,0.14145742095417624,0.8148083485866593,0.9003500229293864,0.4050842711894119
42,766,0.11321728300705158,0.10781384503042024,0.4870161449144311,0.16253973378633635,0.999558982486536,0.2847515074109608
14,597,0.6686947628434194,0.4787484146820543,0.510929536711377,0.6451808995438405,0.6651401664553453,0.6373616136002795
168,255,0.262572461160155,0.2603168556580989,0.7733667567747976,0.7377337005321614,0.19588903958000847,0.4528510264620237
371,435,0.7114058474795725,0.39238296582931487,0.7098334439521935,0.5576249953811906,0.1444366621953218,0.5589268910757303
76,109,0.048108528016667984,0.5370773556668008,0.9120412788358667,0.3172289030961053,0.9594144056003471,0.4433627426777948
426,923,0.5627030530435029,0.014464114601972833,0.9708605618876316,0.8809459021857939,0.8713528213683255,0.5804898315042215
120,753,0.3914486635868403,0.2845835832716228,0.7278513261995407,0.6424406375414307,0.748678851564767,0.44333703603371777
248,288,0.7969713919154653,0.9896119342918649,0.0765112488302534,0.7202175120138504,0.9491192536154113,0.7088216208597984
102,675,0.7839515802055619,0.057399125820559616,0.40511830921710257,0.652114529502332,0.5034037528683912,0.5036519916021843
233,679,0.37555964245750817,0.31939348815736834,0.6088023698406829,0.7212886715850879,0.8877464030023644,0.5691727824993498
226,610,0.6227140140877143,0.32142147496464823,0.5901950714499575,0.14506714493444406,0.16282031398837915,0.4477805878421214
3,55,0.2275488688194881,0.3793859209327626,0.18144378583059817,0.9225943983113134,0.18280971810736246,0.3820043737930945
284,878,0.5804068361804202,0.6847809184423453,0.5829447294508714,0.2858107979585016,0.5123430456603899,0.5803265823466682
393,955,0.08126469394752245,0.2477437986829646,0.3496805078814441,0.8365512230299579,0.33250966084452427,0.2781050172604463
468,974,0.4346042841186101,0.4602693441360528,0.33892684484371594,0.8933842040969141,0.4325192680146577,0.5111333263352
166,980,0.18272768153810914,0.6448635668524492,0.8340070053012362,0.6512236066600412,0.7981969863005333,0.6130113108547101
440,928,0.8833811820915227,0.3223220583285886,0.42193315866822,0.5983007620887452,0.05340747094225906,0.47161411287727567
439,739,0.4449008179668318,0.9487725805032546,0.5273959540644526,0.10904821117158103,0.7208438342802297,0.6141230905164498
494,57,0.5907737486375348,0.9796726349426813,0.5628728610344788,0.4362212260796283,0.08822926845336554,0.5768656996929629
187,465,0.3603818603300104,0.11967356768751114,0.5629967798516162,0.6116443846481417,0.8475010502804202,0.3384921618880611
425,245,0.2887410352398029,0.3438198844008101,0.21312151378337207,0.08186927248277276,0.20189980653567507,0.2756788072631123
282,220,0.20291978306153358,0.2079720698064753,0.5994533631490071,0.11146201147754398,0.7349389203479956,0.28942055511030823
30,830,0.9118715826670196,0.18678959555711516,0.3346236089441196,0.9934812551072089,0.591879398987689,0.5917248413037708
135,812,0.7994657824269527,0.4909798383382795,0.6550202945961696,0.33223415096259457,0.3856221070728476,0.5078901692810158
336,522,0.13326114443103088,0.5638271081348789,0.1456975989657271,0.3497324872911639,0.26753625041891527,0.24919497259709103
81,736,0.7467248762917983,0.4256520405975992,0.9941155946336695,0.251529150599892,0.0574593162664091,0.5413454643768396
217,130,0.4185307770366532,0.2725548730973607,0.7720432914533956,0.646019769494277,0.3533802069130071,0.5258018561779613
387,222,0.015396654960569855,0.27862157425363965,0.4172514334843075,0.4730758868067968,0.20052875660117597,0.2084358259200021
75,860,0.528367320376222,0.9921281563407308,0.30135185086428296,0.7904309573735042,0.1359125039519823,0.5124940290206184
248,451,0.1300464400848661,0.9236773739902505,0.3878020348178458,0.5124948318557868,0.7384981225891342,0.5277351381602201
108,547,0.20993431309359467,0.07589884098935717,0.7212082727738749,0.015415980283715713,0.21251499101320048,0.24876682597385155
268,463,0.696040961424093,0.6565506519961256,0.6554077995845652,0.48268739032679564,0.22315804771616843,0.6253019855657441
121,202,0.2571420371411961,0.4568776074848443,0.7020925120005874,0.05518729059477456,0.34048145175404365,0.33777746477804466
482,826,0.8918882018418166,0.688814097199162,0.8889991954515393,0.8267863804814273,0.4626531596217692,0.7801891300410404
39,758,0.6571697584241699,0.5969607055405535,0.4562952263104093,0.11365808498470065,0.5137127442897002,0.6495512091527557
481,684,0.8322834849108091,0.8892524000824175,0.6695211484476647,0.2169540149658158,0.6645462688404131,0.7153157690543063
396,353,0.6151895383301841,0.06698831428882501,0.4415079549598683,0.45996524279482887,0.5885220478379273,0.4332168830034385
427,643,0.8688495910220159,0.3495979120577055,0.6380980781198765,0.1951840554004145,0.48168387972664173,0.4843929455421631
425,953,0.3616846750221502,0.9854941257755847,0.47482363696294716,0.5392199601970316,0.3939402146374703,0.5202077251588467
94,650,0.5491405768855797,0.18228534899061677,0.7766636273378931,0.4606984244467053,0.26578621192923446,0.47457004511710094
465,494,0.5158904004443335,0.12733343950664722,0.0052601232837330425,0.9525226109172888,0.7099426136830395,0.3729012706857824
297,271,0.9037907080779705,0.7289720060005754,0.21571095578978183,0.08837356332461366,0.3175013203937477,0.5837066075030539
481,523,0.16491540860861353,0.7774351600174635,0.29643762516324457,0.5767320482685504,0.8495813935258953,0.5094782857651678
439,372,0.5780607631866924,0.6722735476746602,0.9453945062511162,0.7203996096439838,0.5861624558879867,0.6246283746786042
290,611,0.7544311942269804,0.7761958287599253,0.5070462129669179,0.12762700905585633,0.6339442785281806,0.6804072148675127
187,46,0.37004976053366034,0.6937215720931722,0.3643518799981412,0.6364621277574015,0.5087902308777333,0.4351461974192996
59,190,0.8675815246159764,0.13577068228917677,0.40431211561367186,0.8642390541698262,0.9285560646520479,0.5625407709042399
51,787,0.37301476707773407,0.6082218974785071,0.4518222834325363,0.7875556434281561,0.4215955686177445,0.5077935065916422
195,381,0.1733087598959161,0.7768766825595325,0.867830390113971,0.935170690429058,0.4269684534188126,0.6556913640875088
405,433,0.5840483554050317,0.8655166063244678,0.9623358656801378,0.7205856967409449,0.89301449577183,0.7398777577721485
253,544,0.4205680100373125,0.24623524268370767,0.8441646397402306,0.39398682967231746,0.6049069209601715,0.4940810854124018
241,438,0.015190104682004546,0.12743076093853856,0.8416567634189485,0.9204513845908109,0.4491487157241404,0.3719645435822449
122,758,0.06983859249350322,0.7810904435825796,0.1990151109554612,0.22535676761480072,0.2621511145167309,0.3507535536623997
282,246,0.19527718020659002,0.25654834503566537,0.26867807176225533,0.5837022785250142,0.2450444450519177,0.330784276767588
319,758,0.7693299595181523,0.03192947832088733,0.5960491805580991,0.7656579450946693,0.801434313755236,0.5345683719199427
491,210,0.8920395160337483,0.8252135636493042,0.6561374134413109,0.8722811669954791,0.2794660776237201,0.7848832188169661
364,371,0.5456408740142225,0.50599113381086,0.2027053734460813,0.9165421310939101,0.005737690303365683,0.48976207294241286
303,588,0.10556546251412346,0.32663313242842196,0.7462818727465174,0.08497564948236314,0.019460639298323645,0.36319891619720956
455,886,0.534418952241846,0.011429105231549164,0.19996355291958678,0.7260591694541951,0.9784026115965646,0.44763814623534365
213,233,0.855605460596945,0.035327444707947686,0.2630106465894142,0.20410429344101544,0.5598379366229443,0.4303735940291281
467,587,0.7494776291225896,0.7926232705602947,0.30679553798161063,0.7791194414868503,0.4890246318593954,0.6118946292200236
185,65,0.29109816369737496,0.48970588496486445,0.8459914164903171,0.7006897319336088,0.9178760691083302,0.5137552506006221
64,76,0.12389060928835782,0.14972204929646016,0.7320838968708833,0.1813523586003103,0.3516873989902928,0.2780051435604491
209,767,0.900681699762243,0.35850562724901813,0.5306854357241814,0.8328301724195284,0.794997559655233,0.6741175418873269
65,719,0.854088746632211,0.1653051475375229,0.8197492981348952,0.4617888040185616,0.7218098127801388,0.6104785076982546
60,377,0.05371536514522579,0.11288155318038662,0.8129282473359235,0.5438561519010436,0.477096482321838,0.36275663448497053
440,623,0.8236744898245643,0.2763078206741436,0.3898330959487234,0.9714037535434668,0.774631897458691,0.5347724175584738
397,380,0.09721263778493949,0.5495085474623974,0.7814372874874199,0.6566255875192989,0.9657783875926372,0.5242589890749003
111,277,0.06328363340203702,0.2100066078122269,0.20624277200165753,0.5885631450247774,0.20060737578707066,0.30142119270105316
419,431,0.7586008971462594,0.3436710812847671,0.5032288499555093,0.016762772363767664,0.017509414501021503,0.4682264368428126
35,312,0.536310621924958,0.47793088395645966,0.11824173038867036,0.19921483509393956,0.8214544062642994,0.47797340455401127
142,815,0.4145480240903189,0.4200297391831519,0.426794485591258,0.026565421049937754,0.40358707284481365,0.39745946092397555
353,412,0.9038621959760219,0.12862779912128963,0.5203657697671906,0.3333124257161495,0.5444024935150081,0.5041087862554999
152,321,0.8393035720677537,0.03886563553588818,0.07991835791607027,0.34450835302732385,0.22246232073253203,0.2576078229122888
365,536,0.057623471547056604,0.03545872694893892,0.4626127617317499,0.530330070391844,0.8417887618528771,0.32083202638541763
437,758,0.6160872419411724,0.35017901802786733,0.651670542960133,0.6897684469925173,0.7212062490727114,0.4574414019270202
33,274,0.7722674032074582,0.7188020785373228,0.6140882347447378,0.17934517189631316,0.9533666281947981,0.678860105833728
12,939,0.5504905797749521,0.13125529872927066,0.054353887891056996,0.6016544208097424,0.4752518715996842,0.340102039538825
470,464,0.9830054990761883,0.7869801163644256,0.09533968590820108,0.916976274528907,0.9765650127608276,0.7265374735922672
260,661,0.6860475046475483,0.7156743093138368,0.35135624595514103,0.1850078561592079,0.5108553929738986,0.658702325482519
253,957,0.1041430126970253,0.0039434908856111894,0.8426857229161057,0.6590880302653639,0.6214220908627724,0.4511051770246869
232,432,0.19829801199995345,0.02674787298184511,0.8697560531673625,0.045589141251907384,0.6741274398216904,0.39744619926120234
217,200,0.826245621199462,0.19503321553805164,0.309612869707926,0.5311476342911242,0.4897714557201748,0.43886870766945646
345,748,0.9967566731443,0.05612091105058503,0.7188920852414564,0.7415392571057796,0.5627801909689245,0.7114773674584169
290,7,0.0983392668723897,0.5313431052703059,0.5773905923516431,0.034041781190143006,0.22330706470148998,0.3456643696150449
82,458,0.1003293178450484,0.039627261458415775,0.9834222587594326,0.33366539114253435,0.36236305813290826,0.27731207731654406
313,980,0.7633870541432835,0.8026458379953977,0.09464391228969171,0.8779569853919893,0.7019932450922481,0.643336889067621
334,415,0.06435428171653956,0.4929620689458105,0.5478807422402548,0.22547979580003863,0.03898896001793428,0.32844801645906607
57,684,0.06856011606484747,0.7279543666724776,0.5925376488712538,0.7228745543956964,0.700413119967275,0.46846963766436983
188,525,0.8888164830096625,0.7507025509358412,0.3076685709511161,0.6122382739274947,0.3037756445424884,0.6296710986348446
395,215,0.8004498123184509,0.5067639396702327,0.046953247491470784,0.1636876659594949,0.27183583637422215,0.44918453902247835
309,318,0.8815631998643823,0.9253628762534661,0.052104535687826026,0.7417075139818313,0.6934884643526109,0.6293818971343212
69,524,0.6505134021327537,0.9902407738553081,0.45361805420063817,0.5320809930321977,0.21494516272075626,0.6053830562672189
21,105,0.32253642193885845,0.35921468601454587,0.6924737894439191,0.11202580072628321,0.9616834358893142,0.4292413226779438
291,415,0.9063131903327911,0.12586414024923354,0.7001757858031274,0.9493714032652699,0.9906790337130716,0.7303675454915949
231,415,0.2987235249744318,0.3632381786478669,0.18096984972182417,0.49196202914353415,0.45810040785145867,0.2891290649118725
480,835,0.27551083945484933,0.2233538970142701,0.8579721410057863,0.7450808348030031,0.40141833584229303,0.45939717335439334
261,124,0.8864004191927712,0.5310056670617501,0.3771624259697449,0.21770026552573551,0.07903745639873283,0.43822188180992144
465,842,0.6808225924932079,0.37838760125240145,0.9643679019724178,0.13718320940435214,0.778218683794181,0.5654965378080431
107,411,0.8956720847092428,0.4804494142867909,0.11815963442563682,0.7413067761299187,0.16272399654623804,0.45189112250599145
224,651,0.1559012892539724,0.7631875760760015,0.8364546986354818,0.6738241785583821,0.9330478604760809,0.5977190597555349
70,557,0.9522967977656314,0.27402097454185215,0.9083381532454478,0.2741076877038925,0.9905927389552103,0.7208806742264358
287,300,0.6127421567003271,0.5374747246397255,0.8226755261437314,0.7462834355157155,0.12240978008171155,0.5939540087221856
95,930,0.6680350440934276,0.3351612493286884,0.808841141199684,0.5049922610185026,0.6830058820927074,0.5103074056303789
246,225,0.9140605803264515,0.7849608641206614,0.361310015404945,0.34859725664740626,0.4659919915677272,0.6390469484075061
172,37,0.38075297469462865,0.6395366324076963,0.713343106720973,0.7868918174796604,0.5411458542105199,0.5391111262485462
93,750,0.7195749946958622,0.008504730510610736,0.5793465660113004,0.616782747542208,0.1795746796547819,0.44919139557962234
49,621,0.640340621124484,0.6600513411052183,0.4244791314312184,0.5072683659719965,0.7235208994449138,0.5878840028598672
256,890,0.7877527188659602,0.17016200806658233,0.9931116960536798,0.7731070967509631,0.16661272096512003,0.5757497244261096
473,458,0.8969427918333073,0.7244737902030393,0.2904547181451199,0.5448283598060093,0.8852999777437376,0.6583226144467845
100,17,0.6800608554300946,0.5673386668454581,0.4131440221877841,0.9385344329335886,0.4539746143431608,0.6766637487023077
203,21,0.06763955450306436,0.4014826777231747,0.9028610373381174,0.8180556927874774,0.6348680993675447,0.4140915562715558
113,433,0.18314034584978023,0.6940664292072585,0.28900827909627413,0.35818757274019697,0.921791107048329,0.4403610906878278
404,250,0.9539781822670841,0.8565932858687801,0.15268114212853778,0.4649192505462585,0.7379395048025368,0.6934407780116826
208,922,0.9686504733772262,0.7787437138620732,0.30999974966948507,0.9573330686953884,0.5408478834499694,0.7115734866888559
487,119,0.9674133136983625,0.5453792765719075,0.759311677101791,0.8952043947939167,0.4026776478433599,0.690156436193396
123,880,0.036799400400117976,0.7226943202595297,0.859854009702266,0.19118553763431145,0.4621351219937042,0.3615388473672875
41,217,0.38244816794941827,0.4139145543927536,0.1144449876223611,0.2743038328233488,0.3416730596105393,0.28520798118681395
291,120,0.759672703987996,0.7890261215631287,0.6217126810748266,0.36442051936197206,0.9461838252524052,0.6799012614511444
326,275,0.7528858036578309,0.8290518916228181,0.5672869055947429,0.8798490361439039,0.2528578441476489,0.7564609049941919
495,144,0.08590890494995851,0.13729383687639873,0.6687977855133651,0.9274173118952642,0.40934628259697237,0.4612341578157352
435,401,0.609488887089519,0.23803135959394628,0.671056371126796,0.8023402408025992,0.7782239246510758,0.5709938091288427
442,331,0.14286961854085745,0.2699887373491584,0.9594674702665283,0.2757084460602621,0.3643416726260641,0.31423583243783215
317,529,0.49320933286779334,0.16608171898209156,0.3465292084267393,0.8870648066352316,0.8866108964381193,0.5173893917060685
180,537,0.2396857008411215,0.3925350068974207,0.2997669217357788,0.032881125940698475,0.24307264014704888,0.2206880303740797
215,1,0.053161171734727675,0.19303321144961227,0.5812252858218252,0.4228034808905181,0.03134484170940388,0.1999752332129155
67,125,0.08001942552660957,0.5955393109266095,0.42941845923866173,0.3776286323317376,0.6287511122518687,0.3594073992491572
216,162,0.9108929497299082,0.10161544289761593,0.4737542723125783,0.5352396059045738,0.5082534577351304,0.49815929634642103
182,195,0.7446459642015341,0.2699191530267564,0.06927699350449279,0.5606405572348289,0.9330580798908226,0.48301573135061665
18,94,0.9318239817729504,0.6655206459463567,0.14824217695359299,0.22540448684345893,0.4231323258959617,0.4959109915114698
103,315,0.4699899323335527,0.3985451231333492,0.9353749365928619,0.2045557027857562,0.1355902579581939,0.4334016736912922
267,550,0.4132924989528043,0.4214627418534077,0.06829145167012174,0.8035665917921552,0.3297455372463499,0.4238274276425573
185,309,0.3584072925020956,0.7979252529583892,0.5901455926806208,0.07619679783984357,0.39321180996042315,0.48995622378569026
496,329,0.61630709605209,0.9845115532909865,0.7545750290178902,0.49328604386204544,0.5831318138258048,0.7249990914764655
239,470,0.3515593869713336,0.5650677832542129,0.011863528440827498,0.19164640659767895,0.27450049108917596,0.19783477539869831
479,548,0.7462732339820062,0.07906717146360775,0.22274814793338482,0.3195672251209777,0.5503133201738051,0.4500912961115414
330,331,0.8013173262158622,0.10290297422363592,0.3770720308493868,0.27729441917200814,0.9080458655659637,0.4711956748344845
21,222,0.875844593429381,0.9685007220294161,0.5068174470686685,0.7085222259472039,0.4237303497985735,0.7968522507327933
102,409,0.24280093024527727,0.6792349127484716,0.3415952947556604,0.4560206032945494,0.6515694939376312,0.46201929084181764
353,25,0.5270220492923754,0.7524691183338194,0.64899925814905,0.2994418344461037,0.22889858712579603,0.5122000460621909
273,493,0.22344461672983884,0.6757637576855414,0.22639751725071267,0.8313519979802051,0.8013270450460224,0.4006986046678444
151,941,0.03755582342034114,0.17961760169515328,0.025482936429019,0.08579514129080201,0.269670630360059,0.2190401412901873
261,398,0.7078253041698377,0.448362160824762,0.0015710508182541494,0.7663606454736402,0.5798027935055567,0.5285211888463595
451,109,0.5489812739351246,0.7980804376193656,0.3455120119496342,0.24831275790029783,0.300247469732685,0.5463390102096883
194,707,0.7239272795530837,0.8663629629420733,0.36166279919424715,0.9180192226267826,0.06740235006184703,0.6989551444848794
23,127,0.08762291140653711,0.23733551474637204,0.9486041173865439,0.005559085369548855,0.3196627405610307,0.33505124581841544
156,194,0.995526179061942,0.5959617908338206,0.0447807125202363,0.5566633373593394,0.21203066071134924,0.6116953793428089
468,147,0.994348566947032,0.15710190273845337,0.5300650601351811,0.6222649840275938,0.892673768402629,0.6157918585715714
381,883,0.4649998255035127,0.9582768731217516,0.5778133142638463,0.5773003326469004,0.2661621146381432,0.6291651058863329
418,981,0.866058715183836,0.2522042889924876,0.6992750118977196,0.8150152921990125,0.974423181768922,0.6588838602968209
455,570,0.2435685558055568,0.7266351286038967,0.6387346001406605,0.11216400808381122,0.49234581172486525,0.4423516017136685
59,618,0.737566161223297,0.23111294422685436,0.008139493723942848,0.4155560042925842,0.22106496656764918,0.36024135735561086
142,645,0.8792258568135658,0.6160539428785416,0.6318576734090117,0.8637367730199736,0.3913441331656956,0.6258581292243731
30,610,0.8146662660807785,0.6592643070226565,0.3223879396997321,0.888735288528991,0.18343111749758734,0.6065529521161153
3,544,0.8117740782411574,0.3284281034547527,0.7728689613478019,0.4983444032387655,0.8336832538454538,0.639502059512577
417,986,0.4630266320888651,0.8188338654260512,0.1883653861356991,0.5579668938700798,0.11996926930647533,0.3557035813539074
468,733,0.8199899477787728,0.8853708982474505,0.7162056519771793,0.7639084404899006,0.8735277514954133,0.7951177517762862
78,89,0.6907048130213005,0.855069930253995,0.625495333689061,0.7796103942986415,0.045917048452088216,0.6136738547477089
361,392,0.13245139814420437,0.3307982194647173,0.6522908853274749,0.8880812995058609,0.29960793152933296,0.42928429429683373
267,974,0.11418440406452013,0.744340259012654,0.17594768708755426,0.843857399183043,0.13988672024277682,0.37515856896944005
35,404,0.7719221359346399,0.5594907548692242,0.6691740013324623,0.41442331286429435,0.6852655459207373,0.721889911289888
457,204,0.6254640887729238,0.5926283244920116,0.7369784086419149,0.6497533264716566,0.512321730993041,0.6510210615606262
435,868,0.5193761171913774,0.47742508525846183,0.4894102612378056,0.48323525786173405,0.9393395728478708,0.5345775669212295
284,623,0.9072617908488282,0.6002611479688716,0.3403656829875452,0.11796146642013172,0.3661807610806491,0.5541222536246595
354,563,0.6595903568712186,0.13565415803574998,0.16655484928817588,0.8216809200050627,0.040749093500493494,0.3359796706079414
199,420,0.39614674508830017,0.4088472331174553,0.28996052511074055,0.6017635297005067,0.7616590631951334,0.47787179208298114
396,125,0.4139318081761838,0.177671761987946,0.763828362452521,0.058005203805912564,0.5795006496757173,0.41707988064545604
223,384,0.6052443608175849,0.28010553097142576,0.40940072454625576,0.6768682790089725,0.8274353052444139,0.4938539778869963
494,438,0.7602752846863484,0.12781453592213377,0.7027132419932576,0.2831010358971018,0.42613857207360817,0.4932397807389666
32,931,0.5643533069491241,0.21249560522202005,0.7400913249984867,0.06926520871668074,0.7381811613564506,0.5111608867428132
86,307,0.5087608822191797,0.7819292557877159,0.6741702241242896,0.6065889146836446,0.17106570614946814,0.5189422939132367
484,150,0.7269007026541818,0.5498364621776702,0.6735384236829485,0.7322086541292435,0.999526554831841,0.7292372977971976
145,428,0.7052645499070364,0.023643118512234995,0.6108082043260515,0.517284294321492,0.17364697486910896,0.3384931063203043
156,997,0.830346840613561,0.7885244838021156,0.5184219787137135,0.005648273570092455,0.829800627658866,0.7302330575402596
395,482,0.06255178627729441,0.9094683959294906,0.19781668687026976,0.5768827369426034,0.21243816896272616,0.4016090118168828
95,379,0.7549521320819789,0.8804292757826376,0.8428033869218502,0.006609075317959956,0.7825079845941679,0.8146548929566343
257,667,0.51376045095169,0.8230168828733218,0.9642641724875953,0.9264083012971179,0.861252417027473,0.718734061196418
143,649,0.07469312003315187,0.9922164428009369,0.4664840656001663,0.26730515772505203,0.876640906209768,0.5786580979750063
99,299,0.6790100281695197,0.586401955537933,0.9332387558846558,0.8710066034970242,0.47571844691317644,0.7421986790773557
482,967,0.7165401940019428,0.9625876285149049,0.9979945377232834,0.01210928861687055,0.42881297311662603,0.7116291453427521
100,593,0.5236271695446845,0.9488442325014275,0.4861959125858206,0.09721651049217028,0.8337911301307364,0.6074965444220085
48,58,0.7937989776497628,0.3132387305034393,0.7243553737499681,0.451408304602657,0.5794892229508141,0.5391273617491682
337,408,0.3002481086293015,0.8634337560558708,0.6437903382505226,0.7586073790526691,0.6212768314885283,0.5364527169952842
433,922,0.20190721853143612,0.7924726655587772,0.23726481600074723,0.9425617005006367,0.2360671212086215,0.39824781740697995
64,393,0.3507339517432785,0.7757987774010856,0.04708944375431878,0.5210948151684298,0.44615701420260667,0.36483202015120486
354,568,0.4100505132959775,0.896280771291922,0.4533553111744568,0.35546071366659615,0.369448888066787,0.6085059378028737
270,613,0.6959336024021688,0.3841900099203077,0.7872049973962723,0.04455453991718106,0.6653215590880341,0.49141967437145817
415,704,0.8455199378782277,0.4000549658873819,0.32513466268969693,0.5837094717387117,0.19648328001919602,0.5139848684553084
64,872,0.7209181900786765,0.6400523092036364,0.7844387211931844,0.3800437644985337,0.40575192672228866,0.6538287003656007
487,150,0.1739875590696015,0.7378045378143421,0.6548016819629555,0.9091334846750408,0.8487320589981576,0.6037058574816825
309,517,0.3662170848002574,0.8797371026576145,0.6955413518175873,0.4800592228400007,0.5464456770885323,0.6211448758352273
421,533,0.158413713447778,0.8758453206592819,0.28574088837739,0.7654469831297759,0.8960439773248119,0.581904932658815
181,153,0.6867241995580513,0.7213396243862599,0.4700473828430469,0.8482105282148957,0.23252744395668068,0.5777657038257478
471,673,0.24817187821689413,0.9568927778215227,0.18170380002521713,0.09827761167775428,0.4399033365982695,0.43020631186751884
313,119,0.5253869328518468,0.17862861894624227,0.2465805280797264,0.4408463077562448,0.5004162231951051,0.35605832881466365
64,456,0.7918298431946843,0.9503398471800862,0.08985004309241518,0.893717431012312,0.40056740730618634,0.7076870571315781
461,330,0.6709392749216151,0.06419148203362157,0.12677340629620804,0.42445529831969153,0.6844935623475303,0.492797194601974
398,155,0.2983739906651327,0.5556218811919182,0.21051347929583653,0.5651542769673854,0.14871981159347036,0.289647074784377
150,822,0.33286675061634086,0.09019695700812225,0.580234211375837,0.8731039472988477,0.5194003901718577,0.3021215178375474
273,244,0.6533642866030318,0.5680009751981364,0.4412111195476398,0.2325935866897927,0.13877235047600922,0.4987835433813033
194,255,0.5494677493399441,0.39010971245571946,0.26693951256556203,0.8945816628234634,0.6291974887875548,0.5531120892412905
272,854,0.09639348747004439,0.08160943150238686,0.8611124468976891,0.39702842118961534,0.830248133274467,0.48363182126870213
482,877,0.8739915892735461,0.6481168050241883,0.5251476913419861,0.5930333286590651,0.019997046693564058,0.6284536237372822
449,35,0.5126132480536286,0.7311979996228418,0.9231094736357937,0.3280394820658532,0.45693622170393444,0.6923387984454935
108,278,0.4733610131974654,0.1741854136199813,0.6349649622775677,0.52711905375959,0.4927035918102952,0.5221681306110673
485,709,0.19843933663226232,0.6944367193087689,0.01578759652871664,0.04928580302250252,0.7202542106531372,0.42250410060437843
219,778,0.3769938189705373,0.1790475491477329,0.9134756910156951,0.06525997523876337,0.07471993197503579,0.40234718400952263
352,999,0.3328248623150991,0.1373964493152765,0.8574633356808263,0.4147227619375855,0.406020781270096,0.34395415339661095
382,555,0.27073568282942684,0.14736326652474574,0.6352712227808992,0.3349519234335785,0.7854812311725559,0.3960150502635177
241,8,0.5674065746467731,0.5990784689543349,0.534773555730818,0.6157918102751082,0.5321445615108743,0.5833490969858797
228,873,0.46227536028028204,0.7787908081266032,0.45292607331858503,0.03791016704380623,0.7498461881132613,0.5352429880411411
228,161,0.8891976853146673,0.5968937014738136,0.4821748457668317,0.16766866973689132,0.3640097802716581,0.5818807362382172
431,121,0.9413439770471609,0.8093514530182451,0.7692206408423498,0.20959189412579216,0.9200876818858551,0.8759189294170322
193,674,0.21947342922809088,0.5914773410703692,0.5131416023586858,0.44049176852980043,0.07734525821951488,0.3341490659092458
140,604,0.10010542876721051,0.7973212473484868,0.17602469870244064,0.24683476237895274,0.0911644058027975,0.3428776354594205
181,60,0.7853375514877494,0.9765225011333006,0.05817756717299272,0.13766268580773067,0.5284859049090463,0.6002286397253401
98,170,0.994861403638609,0.3909598079682246,0.12618627628651247,0.5975736737824379,0.47082384903565255,0.5089399536126165
196,590,0.8636000698541542,0.1499421769268947,0.25144110883738613,0.7438719778032219,0.6384675274649015,0.46318103894282564
57,256,0.023697402118734723,0.13539681170495765,0.36773412143970663,0.6852680667972217,0.22905613473921804,0.1323247210663978
45,684,0.251263550706466,0.597477596656598,0.8924160121752087,0.2761800952275212,0.2260282909768756,0.4890327714778531
362,412,0.04334227704126392,0.547103065855342,0.239087232199668,0.854444836366964,0.7491095677697037,0.39224457414824826
39,588,0.8207793770411665,0.18423537854203076,0.3195985580025348,0.6118221794274022,0.29176520070467316,0.419870495897967
284,475,0.5814069762923163,0.8821049626676735,0.22301453952677386,0.6146667010074238,0.7272917351600022,0.5163064156129079
390,365,0.5137185411670538,0.9567483684541884,0.5457418187061334,0.21284845171645728,0.6407069850795798,0.6414774562309172
362,343,0.5544498819965276,0.2532156431033017,0.6170866962944869,0.24221288733615354,0.08332715332917362,0.38109021168665663
223,697,0.25245125869659113,0.20688293090106702,0.5321275318971607,0.47475021743810475,0.711129639736074,0.35234141082536385
97,514,0.6016383691388628,0.21392185230754723,0.9518566512169402,0.2378210310405845,0.8795153746059255,0.5318507171243395
465,594,0.030666978464029993,0.38742152969135946,0.9953780176541243,0.6880777364853765,0.8166462573476223,0.4845070335723914
417,577,0.6460117239708396,0.8532271752989463,0.8373959898055633,0.30855451225575825,0.008861865889775111,0.6302740643731063
306,208,0.7344338301788308,0.5959606099411179,0.8052961448903022,0.15191615396134917,0.5397139061386238,0.6100290826128502
44,913,0.6730262637118272,0.06755343173266992,0.36605277674960857,0.15161385377347247,0.9133372117734216,0.38474244317517403
18,563,0.33211751831222025,0.4729790851720672,0.5797835061619984,0.12722777871116064,0.5987256741991663,0.4334621092682992
158,718,0.8262629151275427,0.09033168302809258,0.35147241894888515,0.4397500789663744,0.29032607065310156,0.48055757094229656
79,882,0.7155439971174821,0.4062141140084401,0.7843558461737393,0.00304003634762251,0.19454464199979737,0.5045869763690449
430,924,0.12829732292427787,0.403520142303317,0.171831139091836,0.5423722883025308,0.684947529354962,0.3341359956196916
103,667,0.19514422053831504,0.6483526657096457,0.21667171429464305,0.2983029229195504,0.771253934712873,0.3932007101078118
142,787,0.6371084131782386,0.549453966963101,0.03869407087030885,0.5524788309602147,0.9125847649174004,0.48388723717370985
487,472,0.28941613355602613,0.874754782339086,0.6089396733379924,0.9354254134415833,0.9057165835331052,0.6105566283756162
409,738,0.11943294144623695,0.016275182665472343,0.688538258788957,0.8690476101834836,0.339280166115716,0.23231041245614054
110,322,0.1549689931498922,0.7739988220946491,0.003362286231378797,0.5764298399384555,0.603876931505784,0.4479486762539765
192,712,0.16561718054040064,0.022658340955841738,0.5107857639942506,0.4180703126387251,0.10151918585899378,0.2376645101450448
258,86,0.4777909068183822,0.304289828476366,0.3768745384897739,0.6983626710825065,0.09446255016379745,0.38291462845802604
332,914,0.6073854534294973,0.8796631381795634,0.7923807818187677,0.9231393326245212,0.07146856680054658,0.6784209335588972
468,245,0.17640227485441495,0.6904141716771217,0.038890745998643395,0.4895470679395497,0.9271442460879121,0.43830518809371993
435,656,0.7124966103632211,0.1719966783661433,0.048565688818078545,0.09930772408531863,0.15243242622749353,0.2625296122940276
488,12,0.28101260750152846,0.49078454411194294,0.6202090987258799,0.7660882004239901,0.48232619848862857,0.46373637137464835
21,156,0.31155813839396085,0.7219041809779858,0.591638854579764,0.010479153894384141,0.43307236479440725,0.43456959391810623
118,986,0.22349862107410756,0.9373433213395294,0.8310900229980103,0.7646384796406737,0.32477110962665445,0.7183541365085324
281,833,0.785206135943191,0.6343211992182037,0.5922668891573611,0.08491660388656996,0.5377306523514364,0.6527568787331571
25,223,0.959813832936877,0.024675411432927286,0.9493708285915013,0.10661657436628691,0.002790890473588603,0.5034615737065318
178,131,0.4924998486780927,0.49970185969628356,0.3143846422344221,0.7817068700115261,0.3801493383195974,0.5390446494799596
77,815,0.0420306414319922,0.15296163917082772,0.3979214064048002,0.6895217048954053,0.47934406046965405,0.33327207528867414
466,990,0.26056931642547587,0.04777955047492133,0.9776746665029166,0.5619031293366379,0.8033043862053005,0.39331037133316504
32,169,0.15805029111884605,0.5985106346815843,0.10752424337177813,0.8205851927101936,0.7009634293016453,0.3946079642929237
75,664,0.8427622848520179,0.7769219025104245,0.7959048531962796,0.8513685107437633,0.8497618040179573,0.818025033559108
98,284,0.08485398743320516,0.0360605554964043,0.011568714660440294,0.4575122556562867,0.3762982352651212,0.16955743634065085
75,744,0.9664762406883838,0.7835892709655194,0.4865132494033523,0.9962986870545374,0.14090552779738852,0.6927089004390058
284,418,0.588513776624626,0.7063878798115087,0.15340233736867448,0.3575799396391073,0.40105646393305305,0.4748214782134747
182,126,0.5177397870741632,0.7519868881683613,0.598861703728065,0.17150776662079825,0.9630596339250075,0.6016332792962164
456,325,0.8473506224191868,0.24472837271570047,0.798169969707828,0.8459764431198916,0.21432759405726853,0.6442148153960816
131,539,0.02754762129145616,0.3935954554934291,0.03304230235068728,0.41557027955933024,0.17475536297406324,0.10887492099657133
269,798,0.7771527494070096,0.11975082720721897,0.16377272659174524,0.8744996512286143,0.9443372761590757,0.5035708949106125
330,22,0.11660404556851656,0.2388909502344665,0.34261038116190246,0.061166344490404034,0.9499230848102128,0.2196473249123193
313,957,0.8407780989404321,0.3027896714774301,0.25579896585567397,0.11105211150664163,0.14923685442991563,0.3610994078803607
398,649,0.5291762192378618,0.31943663953678614,0.3832198898062551,0.04027266122396245,0.7694528615511991,0.45056007229047734
101,875,0.06112940236009179,0.1750398880968118,0.9518682998174518,0.6020109603024101,0.4297425041857704,0.3939426388518598
254,930,0.8332450388013244,0.18871179807114336,0.10120612744024049,0.8318641811164996,0.49221571600492164,0.45875187755658664
400,154,0.027314117071251642,0.9014703997921601,0.4232821086657721,0.40266078360867175,0.4986881464581462,0.4894868144390479
431,94,0.1383706928936035,0.7838936148156058,0.45709137160758284,0.09069544967102372,0.9683715611183437,0.5509303093933174
309,776,0.7978245238266289,0.34447770349143736,0.2803420518291627,0.37346882743095344,0.18466111425008858,0.44311987650329054
326,188,0.464871123857891,0.9476435394809607,0.2785065576875697,0.3480461323397299,0.7730637352528182,0.5953593499067277
432,148,0.8813887043548337,0.2389227127923239,0.7147521617493207,0.6434719247641147,0.005674108359608354,0.5096688084735781
312,469,0.6354292727910835,0.4068204534500507,0.6178438426509827,0.6521516287963338,0.6286101069088057,0.6067537287185648
474,913,0.623528754370408,0.8135253114345706,0.8128320197331531,0.10302371725135306,0.6526779766990596,0.6015074023451574
64,795,0.29223510613201487,0.44288637020362664,0.4050732224780522,0.4201767775255274,0.7537062094506878,0.5242721185252412
174,518,0.13368052355173354,0.23462532290814597,0.606711026979673,0.6425145268187654,0.9259623628061254,0.4802477634276978
56,197,0.9611723908966826,0.36853546762148837,0.8935881406825845,0.25886120919003475,0.7538351056556392,0.6382182813811879
46,337,0.10479768914339516,0.5007210723746816,0.8513284717163855,0.4070802865284776,0.7321439858395088,0.437963971933706
236,688,0.5290106000735676,0.6206443836603374,0.9200233924999589,0.6136949316450189,0.25378751632097496,0.6183690132520359
113,157,0.27256859083478024,0.4056064995815233,0.2689750225282249,0.4028707012449019,0.9928397091714795,0.4092676779674909
204,524,0.2641406635814547,0.43130433111997424,0.9854211845321202,0.030860971565567885,0.46840881092392583,0.4847299149920822
219,12,0.5945862193028131,0.2639436128014252,0.8163899154714166,0.22261599542950583,0.4174501022792231,0.4745490496195123
310,325,0.7979341171788689,0.5353472984174117,0.7948078060413033,0.7760809144655237,0.5018775732770935,0.7613089363103935
472,248,0.7771794828312787,0.21945623376954637,0.6675786009586593,0.24850407875003067,0.3940564557536834,0.5059078493566228
424,681,0.8688016891935535,0.8675262181080758,0.9832679733720654,0.8177114460646141,0.5936375712259545,0.96602019280029
189,914,0.2929027379123671,0.7473670702663014,0.4415632280464804,0.4669078257018239,0.3496245897850264,0.49229347044315946
163,147,0.4657513817150738,0.4102789884141841,0.7415393047624107,0.472921137197278,0.2399448489445959,0.4064166467195608
385,797,0.009334573220024955,0.7472278470328477,0.6988112879885214,0.7705162153313778,0.9279949017957395,0.6499452772980848
62,656,0.7468576231363655,0.006995941809373019,0.7320889064470656,0.3832935130158951,0.927828479970812,0.6046616247234031
270,969,0.30234311214228304,0.34448922264239656,0.7514648141692567,0.23848059215237094,0.4962454127806887,0.4444104545235248
212,911,0.5614935332701865,0.44030114814678856,0.19075589112121338,0.10503237671743315,0.9621473439443035,0.503831537315306
92,101,0.1693002820194507,0.4697985075456973,0.3490514697024023,0.6719098761687681,0.4157171598443574,0.30814622879541104
308,743,0.8193995071343285,0.7487314777103389,0.3922539958259049,0.46994253979288336,0.3873788684666185,0.5263357994655322
161,592,0.8172722192782778,0.9628074275617138,0.7479998139799621,0.8094068807001268,0.9169061357141745,0.8518726085219752
93,113,0.8774529147529555,0.37999713044280303,0.7162479757193043,0.45767470857430637,0.6329170030231738,0.7111282904488134
326,257,0.04593699710672283,0.3505998495278747,0.8333662052357192,0.4148106751148408,0.7625173699968822,0.4437484177355761
87,927,0.9924587097750137,0.6105152265803961,0.7885191578903361,0.2988520840747373,0.4127438315640213,0.7853256091682046
336,543,0.24777941443969453,0.2812536141915789,0.5960338793894108,0.1994278729403578,0.40700166447601516,0.41090807988273276
81,339,0.30943368604734944,0.14135033381518924,0.1399484864874425,0.8304369446484646,0.08330370487810046,0.2527270721013249
217,321,0.2493357291904461,0.9615408704921987,0.6354552592323651,0.09521137094676635,0.9667438846137733,0.6559975540797605
404,838,0.2675326983665324,0.8095299568090221,0.8870592836374791,0.9021277233516458,0.22795896684210604,0.6605905420939281
115,284,0.5526613561036466,0.9584995530241278,0.6431743633897312,0.026909151237350493,0.494267063633931,0.606880043879753
384,159,0.23981054430377957,0.21783287868391665,0.8956264285777417,0.5222523352322085,0.11461027184607053,0.3642546649505517
361,574,0.3937713114004048,0.017809214969670584,0.9990530181368994,0.058328562151084284,0.6469536133543663,0.4322927233748445
451,992,0.6556065824432153,0.4372615757381064,0.35920223302353294,0.7796071213096329,0.39087545024776704,0.3938344535540604
85,184,0.8360262035777268,0.9336089629915812,0.723289694347851,0.21149652405911334,0.7676618740924276,0.7791885692893513
357,256,0.6927415002668795,0.1383253388717589,0.5399586326005054,0.5659225762365355,0.528378654487965,0.5222664662691936
468,469,0.5943228447873232,0.11718552283459838,0.45497180070816556,0.9164461025909444,0.12947931518493772,0.4168796563940898
381,200,0.1477285625410687,0.06895278424584206,0.23986707869246116,0.6492589356124262,0.010740508594946019,0.19330087143082658
94,651,0.8161156015412826,0.7650179989319748,0.24591459599593102,0.17831996497391545,0.21244868230030445,0.5327975794570268
411,254,0.037274887993038686,0.7859265338335389,0.18497228675997102,0.7966777687549007,0.7243464948204557,0.33312721380913357
54,129,0.2641916632353021,0.695376055663464,0.6314835064989415,0.4414796068083493,0.8285141276008635,0.6309530320523776
294,262,0.05705891693196119,0.05329184512233609,0.14205309664310306,0.013176738342756678,0.3413350356596144,0.09297774250192489
249,930,0.6674289755844626,0.7232883358152038,0.43138646981705076,0.48676497010783504,0.5359250712328545,0.5655048219117529
266,934,0.3683710825935145,0.4486288084616872,0.5233332392721941,0.8124846772633403,0.24001329045855602,0.5124847749656238
260,506,0.6520484832048667,0.15789442193660497,0.4382344771889698,0.42995763083361305,0.8804432409199607,0.5467323185278213
16,401,0.3470309593035903,0.2951260104846021,0.8549295134739165,0.7584280504799924,0.9652071459091819,0.5831538628401763
254,819,0.4557407307994942,0.5011468399329609,0.4431693597938603,0.7055258845344052,0.7529400237269399,0.5726048793493218
468,195,0.45796101016618085,0.32965147226968106,0.0828320929643026,0.45691231733828475,0.08888672059183111,0.23764241274821407
218,654,0.0455806536675446,0.9697492267415924,0.9921995411726473,0.3232825850254474,0.43711858061891895,0.548402737914596
139,680,0.43022652634600356,0.4747417417071993,0.8449835910602127,0.7265400015621563,0.9905056817499768,0.7027191694342181
497,710,0.6410643631152027,0.37215051025214363,0.6600434854059998,0.3689184177383654,0.22938482931326476,0.4548081087931144
50,218,0.5460522460754338,0.6731654289680367,0.7563236208086075,0.17008710672865168,0.6704716701754788,0.5510345511758602
243,716,0.07528376627828726,0.6505450568559148,0.1281906997548441,0.3208630615279794,0.9385634814276566,0.3876605600572146
256,612,0.6680559856867488,0.002439280405267419,0.7659147941031748,0.8768391929280482,0.7732033882633873,0.562976852715179
239,875,0.30886275491526094,0.618473698300743,0.20774894171209513,0.2833891121373856,0.6088601556642789,0.4408735789475643
460,175,0.014434802779022093,0.2437689747690337,0.48897612957397574,0.2349605348447361,0.5067051588955626,0.19366211589758592
211,613,0.15559555708424522,0.3752336415879216,0.17798278932428357,0.13342007073056217,0.9288143623370332,0.20127895829069034
486,829,0.4975596573165595,0.7063488907348443,0.7537849643321918,0.05517784456772401,0.39473336710769535,0.5874014986399875
34,278,0.31040165903006867,0.5573862210106958,0.2459338805124469,0.9766923541996315,0.9012689998845531,0.4603643158065925
367,744,0.6943830137535508,0.3686551441550969,0.25320841849169273,0.5367768272606105,0.43105292900757075,0.43895647788131525
296,100,0.24065347556576444,0.16741035183712405,0.10922234934029906,0.7296444606206975,0.7565450237588279,0.21317752602526627
121,718,0.7727961684751686,0.5054821872477532,0.7206064569638717,0.7729734468687052,0.9157138992674767,0.7681307524255332
114,606,0.28647718139397993,0.3193660235072032,0.29584463078087786,0.3523169947204725,0.5506429086282195,0.36029863342107704
360,193,0.6208637075844157,0.9129278084080751,0.5182800132019674,0.798905910161221,0.30987984833425797,0.6600293624865451
319,67,0.7992163802511801,0.5343466402890507,0.33224355736703926,0.9614842444200488,0.050986719658674295,0.5587694722213075
305,745,0.3855561286437489,0.8659639941704125,0.7747012588222333,0.7417618502405342,0.8092599635047751,0.5796551607483698
26,242,0.04680494181547046,0.3901810284835113,0.22648365649400126,0.711733126662779,0.6220099206934171,0.2720999723142144
299,497,0.5354455210588809,0.8274371637879605,0.9408345000463917,0.43223378658202005,0.2630456478254958,0.6157537175836493
490,61,0.9954090615445003,0.05653690217207863,0.32133997488970767,0.8413201258087948,0.8774116531615896,0.5553315609826125
9,963,0.9689918663769136,0.29811902556801495,0.10385162129075065,0.08883737512334966,0.9203027637758013,0.5193512151596228
235,549,0.22102219394416822,0.07817593304469939,0.24030523281493243,0.7496837122419485,0.8871660795128758,0.3542649562924778
247,931,0.7556965094242524,0.03165018071487391,0.0739409290671752,0.36199354214285717,0.6015178983561835,0.42615863859990205
448,161,0.34495183182006595,0.9188622453231189,0.4687387309924248,0.5659739157977913,0.9765816071692934,0.5560232883784225
142,206,0.16027248018309148,0.7168687443996798,0.25025122072346895,0.8929637698970272,0.874805631201768,0.49742462662958525
238,610,0.6659147006024932,0.6251100644684706,0.8860460444448763,0.6050195599544752,0.10426040494565936,0.6449793358703262
358,604,0.500868729526769,0.532492809411833,0.5171286202201464,0.02558153036246613,0.9811059759593443,0.4903294361865755
31,791,0.5392305576556773,0.569554036216842,0.2333684487292863,0.7226048455230962,0.5488063726698508,0.49577116786116426
400,928,0.8273926622355084,0.6386903813864535,0.4512703299049414,0.9290245062036393,0.9200359035579718,0.7523799019266814
411,822,0.33654367588742307,0.8265797947401032,0.1959942721404243,0.6420119453105593,0.7603414348326818,0.5256197586092716
360,141,0.667094759555663,0.5968885557955282,0.17872937592491844,0.8614200774595737,0.6475666753554187,0.602083339078138
324,310,0.3661914669626253,0.7485807631108824,0.300656470133444,0.8252957553419343,0.3266723816563636,0.4933992650283248
374,913,0.04272389658042919,0.2809780518297349,0.10830146476894675,0.8612922829839624,0.02703002358433415,0.17931257973818596
391,549,0.3780151073363489,0.9767617378164721,0.18864753691089065,0.3441004026922748,0.27673625244208355,0.41260946442954716
451,867,0.9500344632041346,0.03189720843702892,0.9380468729954219,0.47416352710868115,0.6858203228735955,0.6432418446321726
214,563,0.48326248208841704,0.38657659527731547,0.6668026346974619,0.8480335050297315,0.86311490687158,0.594252645793675
228,50,0.10823043683686817,0.8820495515037039,0.9211026634572657,0.9103985749314552,0.002346597115479576,0.47895229728862704
319,473,0.6878268293762259,0.18052296268619017,0.25684694146778375,0.14684149925974643,0.20797377378682225,0.3778311850142332
97,824,0.9633793497185212,0.14133809293365796,0.8570133358009238,0.18153237959148394,0.6730677154020869,0.6782605658956181
428,655,0.9079452465442571,0.3654307668999135,0.3622728068539839,0.34682960005493435,0.2836351043204063,0.4804193993144061
385,133,0.5719608378081387,0.4281947005168275,0.14419498112248563,0.770297828179358,0.1417028540536155,0.3693795264082258
315,210,0.3762807443485312,0.9333940606617277,0.8047071000041969,0.8749811572578948,0.08193609822352321,0.5687552610840827
151,854,0.5806776685092404,0.836119534708821,0.059650131862750144,0.5802401414033453,0.637878996824556,0.4649359966571823
174,979,0.8159310621992495,0.46408963769051415,0.40485283893496626,0.11326817539323097,0.5948598170283448,0.6425521703067261
218,753,0.8612373420184543,0.972975100881603,0.8193146685116435,0.303748229967166,0.8586135721496693,0.8022005013216442
331,98,0.8188438849424412,0.6422784041590643,0.6171849254465093,0.8570230064776316,0.31483766724526474,0.6196649934756413
